,จังหวัด,จำนวนสมาชิกสภาผู้แทนราษฎร,จำนวนเขตเลือกตั้ง,ท้องที่ที่ประกอบเป็นเขตเลือกตั้ง,ลำดับที่,เขตเลือกตั้งที่,only,exclude
0,ตราด,1,1,ทั้งจังหวัด,1,1,,
1,นครนายก,1,1,ทั้งจังหวัด,2,1,,
2,พังงา,1,1,ทั้งจังหวัด,3,1,,
3,แม่ฮ่องสอน,1,1,ทั้งจังหวัด,4,1,,
4,ระนอง,1,1,ทั้งจังหวัด,5,1,,
5,สมุทรสงคราม,1,1,ทั้งจังหวัด,6,1,,
6,สิงห์บุรี,1,1,ทั้งจังหวัด,7,1,,
7,อ่างทอง,1,1,ทั้งจังหวัด,8,1,,
8,กระบี่,2,2,เมืองกระบี่,9,1,,
9,กระบี่,,,อ่าวลึก,9,1,,
10,กระบี่,,,ปลายพระยา,9,1,,
11,กระบี่,,,เขาพนม,9,1,"['หน้าเขา', 'เขาดิน']",
12,กระบี่,,,เหนือคลอง,9,2,,
13,กระบี่,,,คลองท่อม,9,2,,
14,กระบี่,,,เกาะลันตา,9,2,,
15,กระบี่,,,ลำทับ,9,2,,
16,กระบี่,,,เขาพนม,9,2,,"['หน้าเขา', 'เขาดิน']"
17,ชัยนาท,2,2,เมืองชัยนาท,10,1,,
18,ชัยนาท,,,สรรพยา,10,1,,
19,ชัยนาท,,,มโนรมย์,10,1,,
20,ชัยนาท,,,วัดสิงห์,10,1,"['มะขามเฒ่า', 'หนองน้อย', 'หนองบัว', 'หนองขุ่น', 'เทศบาลตำบลวัดสิงห์']",
21,ชัยนาท,,,สรรคบุรี,10,2,,
22,ชัยนาท,,,หันคา,10,2,,
23,ชัยนาท,,,เนินขาม,10,2,,
24,ชัยนาท,,,หนองมะโมง,10,2,,
25,ชัยนาท,,,วัดสิงห์,10,2,,"['มะขามเฒ่า', 'หนองน้อย', 'หนองบัว', 'หนองขุ่น', 'เทศบาลตำบลวัดสิงห์']"
26,บึงกาฬ,2,2,เมืองบึงกาฬ,11,1,,
27,บึงกาฬ,,,โซ่พิสัย,11,1,,
28,บึงกาฬ,,,ปากคาด,11,1,,
29,บึงกาฬ,,,บุ่งคล้า,11,1,,
30,บึงกาฬ,,,เซกา,11,2,,
31,บึงกาฬ,,,พรเจริญ,11,2,,
32,บึงกาฬ,,,ศรีวิไล,11,2,,
33,บึงกาฬ,,,บึงโขงหลง,11,2,,
34,แพร่,2,2,เมืองแพร่,12,1,,
35,แพร่,,,สอง,12,1,,
36,แพร่,,,ร้องกวาง,12,1,,
37,แพร่,,,หนองม่วงไข่,12,1,,
38,แพร่,,,สูงเม่น,12,2,,
39,แพร่,,,เด่นชัย,12,2,,
40,แพร่,,,ลอง,12,2,,
41,แพร่,,,วังชิ้น,12,2,,
42,ภูเก็ต,2,2,เมืองภูเก็ต,13,1,,"['เกาะแก้ว', 'ราไวย์', 'กะรน']"
43,ภูเก็ต,,,ถลาง,13,2,,
44,ภูเก็ต,,,กะทู้,13,2,,
45,ภูเก็ต,,,เมืองภูเก็ต,13,2,"['เกาะแก้ว', 'ราไวย์', 'กะรน']",
46,มุกดาหาร,2,2,เมืองมุกดาหาร,14,1,"['มุกดาหาร', 'ศรีบุญเรือง', 'คำอาฮวน', 'ดงเย็น', 'บางทรายใหญ่', 'บ้านโคก', 'คำป่าหลาย', 'กุดแข้', 'นาสีนวน', 'โพนทราย']",
47,มุกดาหาร,,,ดอนตาล,14,1,,
48,มุกดาหาร,,,หว้านใหญ่,14,1,,
49,มุกดาหาร,,,เมืองมุกดาหาร,14,2,,"['มุกดาหาร', 'ศรีบุญเรือง', 'คำอาฮวน', 'ดงเย็น', 'บางทรายใหญ่', 'บ้านโคก', 'คำป่าหลาย', 'กุดแข้', 'นาสีนวน', 'โพนทราย']"
50,มุกดาหาร,,,คำชะอี,14,2,,
51,มุกดาหาร,,,นิคมคำสร้อย,14,2,,
52,มุกดาหาร,,,ดงหลวง,14,2,,
53,มุกดาหาร,,,หนองสูง,14,2,,
54,ลำพูน,2,2,เมืองลำพูน,15,1,,
55,ลำพูน,,,แม่ทา,15,1,,
56,ลำพูน,,,บ้านธิ,15,1,,
57,ลำพูน,,,เวียงหนองล่อง,15,2,,
58,ลำพูน,,,บ้านโฮ่ง,15,2,,
59,ลำพูน,,,ทุ่งหัวช้าง,15,2,,
60,ลำพูน,,,ลี้,15,2,,
61,ลำพูน,,,ป่าซาง,15,2,,
62,สตูล,2,2,เมืองสตูล,16,1,,
63,สตูล,,,ควนโดน,16,1,,
64,สตูล,,,ควนกาหลง,16,1,['ทุ่งนุ้ย'],
65,สตูล,,,ควนกาหลง,16,2,,['ทุ่งนุ้ย']
66,สตูล,,,ละงู,16,2,,
67,สตูล,,,ท่าแพ,16,2,,
68,สตูล,,,ทุ่งหว้า,16,2,,
69,สตูล,,,มะนัง,16,2,,
70,อำนาจเจริญ,2,2,เมืองอำนาจเจริญ,17,1,,
71,อำนาจเจริญ,,,หัวตะพาน,17,1,,
72,อำนาจเจริญ,,,ปทุมราชวงศา,17,2,,
73,อำนาจเจริญ,,,ลืออำนาจ,17,2,,
74,อำนาจเจริญ,,,ชานุมาน,17,2,,
75,อำนาจเจริญ,,,เสนางคนิคม,17,2,,
76,อำนาจเจริญ,,,พนา,17,2,,
77,อุตรดิตถ์,2,2,เมืองอุตรดิตถ์,18,1,,
78,อุตรดิตถ์,,,ตรอน,18,1,,
79,อุตรดิตถ์,,,ลับแล,18,1,,
80,อุตรดิตถ์,,,พิชัย,18,2,,
81,อุตรดิตถ์,,,ทองแสนขัน,18,2,,
82,อุตรดิตถ์,,,ท่าปลา,18,2,,
83,อุตรดิตถ์,,,น้ำปาด,18,2,,
84,อุตรดิตถ์,,,ฟากท่า,18,2,,
85,อุตรดิตถ์,,,บ้านโคก,18,2,,
86,อุทัยธานี,2,2,เมืองอุทัยธานี,19,1,,
87,อุทัยธานี,,,หนองขาหย่าง,19,1,,
88,อุทัยธานี,,,ทัพทัน,19,1,,
89,อุทัยธานี,,,สว่างอารมณ์,19,1,,
90,อุทัยธานี,,,หนองฉาง,19,1,,"['ทุ่งโพ', 'เขากวางทอง', 'เขาบางแกรก']"
91,อุทัยธานี,,,ลานสัก,19,2,,
92,อุทัยธานี,,,ห้วยคต,19,2,,
93,อุทัยธานี,,,บ้านไร่,19,2,,
94,อุทัยธานี,,,หนองฉาง,19,2,"['ทุ่งโพ', 'เขากวางทอง', 'เขาบางแกรก']",
95,จันทบุรี,3,3,เมืองจันทบุรี,20,1,,
96,จันทบุรี,,,แหลมสิงห์,20,1,,
97,จันทบุรี,,,ท่าใหม่,20,2,,
98,จันทบุรี,,,นายายอาม,20,2,,
99,จันทบุรี,,,แก่งหางแมว,20,2,,
100,จันทบุรี,,,เขาคิชฌกูฏ,20,2,,
101,จันทบุรี,,,โป่งน้ำร้อน,20,3,,
102,จันทบุรี,,,ขลุง,20,3,,
103,จันทบุรี,,,มะขาม,20,3,,
104,จันทบุรี,,,สอยดาว,20,3,,
105,ชุมพร,3,3,เมืองชุมพร,21,1,,"['วังใหม่', 'บ้านนา', 'หาดพันไกร', 'บางลึก', 'ถ้ำสิงห์']"
106,ชุมพร,,,สวี,21,1,,"['เขาทะลุ', 'เขาค่าย']"
107,ชุมพร,,,เมืองชุมพร,21,2,"['วังใหม่', 'บ้านนา', 'หาดพันไกร', 'บางลึก', 'ถ้ำสิงห์']",
108,ชุมพร,,,ท่าแซะ,21,2,,
109,ชุมพร,,,ปะทิว,21,2,,
110,ชุมพร,,,สวี,21,3,"['เขาทะลุ', 'เขาค่าย']",
111,ชุมพร,,,หลังสวน,21,3,,
112,ชุมพร,,,ละแม,21,3,,
113,ชุมพร,,,พะโต๊ะ,21,3,,
114,ชุมพร,,,ทุ่งตะโก,21,3,,
115,ตรัง,3,3,เมืองตรัง,22,1,,
116,ตรัง,,,นาโยง,22,1,,
117,ตรัง,,,ย่านตาขาว,22,1,"['นาชุมเห็ด', 'โพรงจระเข้']",
118,ตรัง,,,ห้วยยอด,22,2,,
119,ตรัง,,,รัษฎา,22,2,,
120,ตรัง,,,วังวิเศษ,22,2,,
121,ตรัง,,,สิเกา,22,2,,
122,ตรัง,,,กันตัง,22,2,['โคกยาง'],
123,ตรัง,,,กันตัง,22,3,,['โคกยาง']
124,ตรัง,,,ปะเหลียน,22,3,,
125,ตรัง,,,หาดสำราญ,22,3,,
126,ตรัง,,,ย่านตาขาว,22,3,,"['นาชุมเห็ด', 'โพรงจระเข้']"
127,ตาก,3,3,เมืองตาก,23,1,,
128,ตาก,,,บ้านตาก,23,1,,"['ท้องฟ้า', 'เกาะตะเภา']"
129,ตาก,,,วังเจ้า,23,1,,
130,ตาก,,,สามเงา,23,1,,
131,ตาก,,,แม่สอด,23,2,,"['แม่กาษา', 'ท่าสายลวด', 'แม่ปะ']"
132,ตาก,,,พบพระ,23,2,,
133,ตาก,,,อุ้มผาง,23,2,,
134,ตาก,,,แม่สอด,23,3,"['แม่กาษา', 'ท่าสายลวด', 'แม่ปะ']",
135,ตาก,,,แม่ระมาด,23,3,,
136,ตาก,,,ท่าสองยาง,23,3,,
137,ตาก,,,บ้านตาก,23,3,"['ท้องฟ้า', 'เกาะตะเภา']",
138,น่าน,3,3,เมืองน่าน,24,1,,
139,น่าน,,,ภูเพียง,24,1,,
140,น่าน,,,ท่าวังผา,24,1,,
141,น่าน,,,เวียงสา,24,2,,
142,น่าน,,,นาน้อย,24,2,,
143,น่าน,,,นาหมื่น,24,2,,
144,น่าน,,,แม่จริม,24,2,,
145,น่าน,,,บ้านหลวง,24,2,,
146,น่าน,,,สันติสุข,24,2,,
147,น่าน,,,ปัว,24,3,,
148,น่าน,,,เชียงกลาง,24,3,,
149,น่าน,,,สองแคว,24,3,,
150,น่าน,,,บ่อเกลือ,24,3,,
151,น่าน,,,เฉลิมพระเกียรติ,24,3,,
152,น่าน,,,ทุ่งช้าง,24,3,,
153,ประจวบคีรีขันธ์,3,3,เมืองประจวบคีรีขันธ์,25,1,,
154,ประจวบคีรีขันธ์,,,กุยบุรี,25,1,,
155,ประจวบคีรีขันธ์,,,สามร้อยยอด,25,1,,
156,ประจวบคีรีขันธ์,,,หัวหิน,25,2,,
157,ประจวบคีรีขันธ์,,,ปราณบุรี,25,2,,
158,ประจวบคีรีขันธ์,,,ทับสะแก,25,3,,
159,ประจวบคีรีขันธ์,,,บางสะพาน,25,3,,
160,ประจวบคีรีขันธ์,,,บางสะพานน้อย,25,3,,
161,ปราจีนบุรี,3,3,เมืองปราจีนบุรี,26,1,,
162,ปราจีนบุรี,,,บ้านสร้าง,26,1,,
163,ปราจีนบุรี,,,ศรีมโหสถ,26,1,,
164,ปราจีนบุรี,,,ศรีมหาโพธิ,26,2,,
165,ปราจีนบุรี,,,ประจันตคาม,26,2,,
166,ปราจีนบุรี,,,กบินทร์บุรี,26,2,"['ลาดตะเคียน', 'หาดนางแก้ว', 'วังดาล', 'นนทรี', 'นาแขม']",
167,ปราจีนบุรี,,,นาดี,26,3,,
168,ปราจีนบุรี,,,กบินทร์บุรี,26,3,,"['ลาดตะเคียน', 'หาดนางแก้ว', 'วังดาล', 'นนทรี', 'นาแขม']"
169,พะเยา,3,3,เมืองพะเยา,27,1,,
170,พะเยา,,,แม่ใจ,27,1,,
171,พะเยา,,,เชียงคำ,27,2,,
172,พะเยา,,,จุน,27,2,,
173,พะเยา,,,ภูซาง,27,2,,
174,พะเยา,,,ดอกคำใต้,27,3,,
175,พะเยา,,,ภูกามยาว,27,3,,
176,พะเยา,,,ปง,27,3,,
177,พะเยา,,,เชียงม่วน,27,3,,
178,พัทลุง,3,3,เมืองพัทลุง,28,1,,
179,พัทลุง,,,เขาชัยสน,28,1,,
180,พัทลุง,,,ควนขนุน,28,2,,
181,พัทลุง,,,ป่าพะยอม,28,2,,
182,พัทลุง,,,ศรีบรรพต,28,2,,
183,พัทลุง,,,ศรีนครินทร์,28,2,,
184,พัทลุง,,,ปากพะยูน,28,3,,
185,พัทลุง,,,ป่าบอน,28,3,,
186,พัทลุง,,,กงหรา,28,3,,
187,พัทลุง,,,ตะโหมด,28,3,,
188,พัทลุง,,,บางแก้ว,28,3,,
189,พิจิตร,3,3,เมืองพิจิตร,29,1,,
190,พิจิตร,,,สามง่าม,29,1,,
191,พิจิตร,,,วชิรบารมี,29,1,,
192,พิจิตร,,,ตะพานหิน,29,2,,
193,พิจิตร,,,ทับคล้อ,29,2,,
194,พิจิตร,,,ดงเจริญ,29,2,,
195,พิจิตร,,,วังทรายพูน,29,2,,
196,พิจิตร,,,สากเหล็ก,29,2,,
197,พิจิตร,,,โพทะเล,29,3,,
198,พิจิตร,,,บางมูลนาก,29,3,,
199,พิจิตร,,,บึงนาราง,29,3,,
200,พิจิตร,,,โพธิ์ประทับช้าง,29,3,,
201,เพชรบุรี,3,3,เมืองเพชรบุรี,30,1,,
202,เพชรบุรี,,,บ้านแหลม,30,1,,"['บ้านแหลม', 'บางตะบูน', 'บางตะบูนออก']"
203,เพชรบุรี,,,ชะอำ,30,2,,
204,เพชรบุรี,,,ท่ายาง,30,2,,
205,เพชรบุรี,,,เขาย้อย,30,3,,
206,เพชรบุรี,,,บ้านลาด,30,3,,
207,เพชรบุรี,,,หนองหญ้าปล้อง,30,3,,
208,เพชรบุรี,,,แก่งกระจาน,30,3,,
209,เพชรบุรี,,,บ้านแหลม,30,3,"['บ้านแหลม', 'บางตะบูน', 'บางตะบูนออก']",
210,ยโสธร,3,3,เมืองยโสธร,31,1,,
211,ยโสธร,,,ทรายมูล,31,1,,
212,ยโสธร,,,ป่าติ้ว,31,1,"['ศรีฐาน', 'กระจาย']",
213,ยโสธร,,,คำเขื่อนแก้ว,31,1,['ทุ่งมน'],
214,ยโสธร,,,คำเขื่อนแก้ว,31,2,,['ทุ่งมน']
215,ยโสธร,,,มหาชนะชัย,31,2,,
216,ยโสธร,,,ค้อวัง,31,2,,
217,ยโสธร,,,ป่าติ้ว,31,2,,"['ศรีฐาน', 'กระจาย']"
218,ยโสธร,,,ไทยเจริญ,31,2,"['น้ำคำ', 'คำไผ่']",
219,ยโสธร,,,เลิงนกทา,31,3,,
220,ยโสธร,,,กุดชุม,31,3,,
221,ยโสธร,,,ไทยเจริญ,31,3,,"['น้ำคำ', 'คำไผ่']"
222,ยะลา,3,3,เมืองยะลา,32,1,,"['บุดี', 'เปาะเส้ง', 'บันนังสาเรง']"
223,ยะลา,,,ยะหา,32,1,"['ยะหา', 'ตาชี', 'บาโงยซิแน']",
224,ยะลา,,,เมืองยะลา,32,2,"['บุดี', 'เปาะเส้ง', 'บันนังสาเรง']",
225,ยะลา,,,รามัน,32,2,,
226,ยะลา,,,ยะหา,32,2,,"['ยะหา', 'ตาชี', 'บาโงยซิแน']"
227,ยะลา,,,กาบัง,32,2,,
228,ยะลา,,,กรงปินัง,32,3,,
229,ยะลา,,,บันนังสตา,32,3,,
230,ยะลา,,,ธารโต,32,3,,
231,ยะลา,,,เบตง,32,3,,
232,เลย,3,3,เมืองเลย,33,1,,
233,เลย,,,ปากชม,33,1,,
234,เลย,,,นาด้วง,33,1,,
235,เลย,,,เอราวัณ,33,1,"['เอราวัณ', 'ผาอินทร์แปลง']",
236,เลย,,,หนองหิน,33,2,,
237,เลย,,,ภูหลวง,33,2,,
238,เลย,,,ภูกระดึง,33,2,,
239,เลย,,,ผาขาว,33,2,,
240,เลย,,,วังสะพุง,33,2,"['วังสะพุง', 'หนองหญ้าปล้อง', 'ผาน้อย', 'ผาบิ้ง', 'โคกขมิ้น', 'ศรีสงคราม']",
241,เลย,,,เอราวัณ,33,2,,"['เอราวัณ', 'ผาอินทร์แปลง']"
242,เลย,,,นาแห้ว,33,3,,
243,เลย,,,ด่านซ้าย,33,3,,
244,เลย,,,ภูเรือ,33,3,,
245,เลย,,,ท่าลี่,33,3,,
246,เลย,,,เชียงคาน,33,3,,
247,เลย,,,วังสะพุง,33,3,,"['วังสะพุง', 'หนองหญ้าปล้อง', 'ผาน้อย', 'ผาบิ้ง', 'โคกขมิ้น', 'ศรีสงคราม']"
248,สมุทรสาคร,3,3,เมืองสมุทรสาคร,34,1,"['มหาชัย', 'ท่าฉลอม', 'โกรกกราก', 'บางหญ้าแพรก', 'ท่าทราย', 'คอกกระบือ', 'โคกขาม', 'พันท้ายนรสิงห์', 'บางน้ำจืด']",
249,สมุทรสาคร,,,เมืองสมุทรสาคร,34,2,['นาดี'],
250,สมุทรสาคร,,,กระทุ่มแบน,34,2,"['อ้อมน้อย', 'สวนหลวง', 'ตลาดกระทุ่มแบน', 'ดอนไก่ดี', 'ท่าไม้', 'แคราย', 'คลองมะเดื่อ']",
251,สมุทรสาคร,,,เมืองสมุทรสาคร,34,3,"['นาโคก', 'กาหลง', 'บางโทรัด', 'บ้านบ่อ', 'ชัยมงคล', 'บางกระเจ้า', 'บ้านเกาะ', 'ท่าจีน']",
252,สมุทรสาคร,,,กระทุ่มแบน,34,3,,"['อ้อมน้อย', 'สวนหลวง', 'ตลาดกระทุ่มแบน', 'ดอนไก่ดี', 'ท่าไม้', 'แคราย', 'คลองมะเดื่อ']"
253,สมุทรสาคร,,,บ้านแพ้ว,34,3,,
254,สระแก้ว,3,3,เมืองสระแก้ว,35,1,,
255,สระแก้ว,,,เขาฉกรรจ์,35,1,,
256,สระแก้ว,,,วังน้ำเย็น,35,1,['ทุ่งมหาเจริญ'],
257,สระแก้ว,,,วัฒนานคร,35,2,,"['ช่องกุ่ม', 'แซร์ออ']"
258,สระแก้ว,,,วังน้ำเย็น,35,2,,['ทุ่งมหาเจริญ']
259,สระแก้ว,,,คลองหาด,35,2,,
260,สระแก้ว,,,วังสมบูรณ์,35,2,,
261,สระแก้ว,,,อรัญประเทศ,35,3,,
262,สระแก้ว,,,ตาพระยา,35,3,,
263,สระแก้ว,,,โคกสูง,35,3,,
264,สระแก้ว,,,วัฒนานคร,35,3,"['ช่องกุ่ม', 'แซร์ออ']",
265,สระบุรี,3,3,เมืองสระบุรี,36,1,,
266,สระบุรี,,,เฉลิมพระเกียรติ,36,1,,
267,สระบุรี,,,พระพุทธบาท,36,1,,
268,สระบุรี,,,แก่งคอย,36,2,,
269,สระบุรี,,,วิหารแดง,36,2,,
270,สระบุรี,,,มวกเหล็ก,36,2,,
271,สระบุรี,,,วังม่วง,36,2,,
272,สระบุรี,,,หนองแค,36,3,,
273,สระบุรี,,,หนองแซง,36,3,,
274,สระบุรี,,,เสาไห้,36,3,,
275,สระบุรี,,,บ้านหมอ,36,3,,
276,สระบุรี,,,หนองโดน,36,3,,
277,สระบุรี,,,ดอนพุด,36,3,,
278,สุโขทัย,3,3,เมืองสุโขทัย,37,1,,
279,สุโขทัย,,,ศรีสำโรง,37,1,,
280,สุโขทัย,,,กงไกรลาศ,37,1,"['ไกรกลาง', 'ไกรใน', 'กกแรต', 'บ้านใหม่สุขเกษม']",
281,สุโขทัย,,,ทุ่งเสลี่ยม,37,2,,
282,สุโขทัย,,,บ้านด่านลานหอย,37,2,,
283,สุโขทัย,,,คีรีมาศ,37,2,,
284,สุโขทัย,,,กงไกรลาศ,37,2,,"['ไกรกลาง', 'ไกรใน', 'กกแรต', 'บ้านใหม่สุขเกษม']"
285,สุโขทัย,,,ศรีสัชนาลัย,37,3,,
286,สุโขทัย,,,ศรีนคร,37,3,,
287,สุโขทัย,,,สวรรคโลก,37,3,,
288,หนองคาย,3,3,เมืองหนองคาย,38,1,,"['พระธาตุบังพวน', 'เวียงคุก']"
289,หนองคาย,,,สระใคร,38,1,,
290,หนองคาย,,,โพนพิสัย,38,1,"['เหล่าต่างคำ', 'ทุ่งหลวง', 'สร้างนางขาว']",
291,หนองคาย,,,โพนพิสัย,38,2,,"['เหล่าต่างคำ', 'ทุ่งหลวง', 'สร้างนางขาว']"
292,หนองคาย,,,รัตนวาปี,38,2,,
293,หนองคาย,,,เฝ้าไร่,38,2,,
294,หนองคาย,,,เมืองหนองคาย,38,3,"['พระธาตุบังพวน', 'เวียงคุก']",
295,หนองคาย,,,ท่าบ่อ,38,3,,
296,หนองคาย,,,ศรีเชียงใหม่,38,3,,
297,หนองคาย,,,โพธิ์ตาก,38,3,,
298,หนองคาย,,,สังคม,38,3,,
299,หนองบัวลำภู,3,3,เมืองหนองบัวลำภู,39,1,,
300,หนองบัวลำภู,,,โนนสัง,39,1,"['กุดดู่', 'โนนสัง', 'บ้านค้อ', 'บ้านถิ่น', 'ปางกู่']",
301,หนองบัวลำภู,,,ศรีบุญเรือง,39,2,,
302,หนองบัวลำภู,,,นาวัง,39,2,,['วังปลาป้อม']
303,หนองบัวลำภู,,,โนนสัง,39,2,,"['กุดดู่', 'โนนสัง', 'บ้านค้อ', 'บ้านถิ่น', 'ปางกู่']"
304,หนองบัวลำภู,,,นากลาง,39,3,,
305,หนองบัวลำภู,,,สุวรรณคูหา,39,3,,
306,หนองบัวลำภู,,,นาวัง,39,3,['วังปลาป้อม'],
307,กำแพงเพชร,4,4,เมืองกำแพงเพชร,40,1,"['ในเมือง', 'หนองปลิง', 'อ่างทอง', 'เทพนคร', 'นครชุม', 'คลองแม่ลาย', 'ธำมรงค์', 'นิคมทุ่งโพธิ์ทะเล', 'วังทอง', 'ลานดอกไม้', 'คณฑี', 'ท่าขุนราม', 'นาบ่อคำ', 'ทรงธรรม']",
308,กำแพงเพชร,,,พรานกระต่าย,40,2,,
309,กำแพงเพชร,,,ลานกระบือ,40,2,,
310,กำแพงเพชร,,,โกสัมพีนคร,40,2,,
311,กำแพงเพชร,,,ไทรงาม,40,2,"['มหาชัย', 'พานทอง', 'หนองคล้า', 'หนองทอง']",
312,กำแพงเพชร,,,เมืองกำแพงเพชร,40,2,['สระแก้ว'],
313,กำแพงเพชร,,,คลองขลุง,40,3,,
314,กำแพงเพชร,,,คลองลาน,40,3,,
315,กำแพงเพชร,,,ปางศิลาทอง,40,3,,
316,กำแพงเพชร,,,เมืองกำแพงเพชร,40,3,['ไตรตรึงษ์'],
317,กำแพงเพชร,,,ขาณุวรลักษบุรี,40,4,,
318,กำแพงเพชร,,,บึงสามัคคี,40,4,,
319,กำแพงเพชร,,,ทรายทองวัฒนา,40,4,,
320,กำแพงเพชร,,,ไทรงาม,40,4,,"['มหาชัย', 'พานทอง', 'หนองคล้า', 'หนองทอง']"
321,ฉะเชิงเทรา,4,4,เมืองฉะเชิงเทรา,41,1,,
322,ฉะเชิงเทรา,,,บางน้ำเปรี้ยว,41,1,"['ศาลาแดง', 'โพรงอากาศ']",
323,ฉะเชิงเทรา,,,พนมสารคาม,41,2,"['เขาหินซ้อน', 'หนองยาว', 'บ้านซ่อง']",
324,ฉะเชิงเทรา,,,บางคล้า,41,2,,
325,ฉะเชิงเทรา,,,คลองเขื่อน,41,2,,
326,ฉะเชิงเทรา,,,ราชสาส์น,41,2,,
327,ฉะเชิงเทรา,,,บางน้ำเปรี้ยว,41,2,,"['ศาลาแดง', 'โพรงอากาศ']"
328,ฉะเชิงเทรา,,,ท่าตะเกียบ,41,3,,
329,ฉะเชิงเทรา,,,สนามชัย,41,3,,
330,ฉะเชิงเทรา,,,พนมสารคาม,41,3,,"['เขาหินซ้อน', 'หนองยาว', 'บ้านซ่อง']"
331,ฉะเชิงเทรา,,,บ้านโพธิ์,41,4,,
332,ฉะเชิงเทรา,,,บางปะกง,41,4,,
333,ฉะเชิงเทรา,,,แปลงยาว,41,4,,
334,นครพนม,4,4,ศรีสงคราม,42,1,,
335,นครพนม,,,นาหว้า,42,1,,
336,นครพนม,,,บ้านแพง,42,1,,
337,นครพนม,,,นาทม,42,1,,
338,นครพนม,,,ท่าอุเทน,42,2,,
339,นครพนม,,,โพนสวรรค์,42,2,,
340,นครพนม,,,เมืองนครพนม,42,2,,
341,นครพนม,,,เฉพาะเทศบาลเมือง,42,2,,
342,นครพนม,,,นครพนม,42,2,,
343,นครพนม,,,ท่าค้อ,42,2,,
344,นครพนม,,,นาราชควาย,42,2,,
345,นครพนม,,,หนองญาติ,42,2,,
346,นครพนม,,,อาจสามารถ,42,2,,
347,นครพนม,,,ธาตุพนม,42,3,,
348,นครพนม,,,เรณูนคร,42,3,,
349,นครพนม,,,เมืองนครพนม,42,3,"['ขามเฒ่า', 'คำเตย', 'นาทราย', 'ดงขวาง', 'บ้านกลาง', 'โพธิ์ตาก']",
350,นครพนม,,,นาแก,42,4,,
351,นครพนม,,,ปลาปาก,42,4,,
352,นครพนม,,,วังยาง,42,4,,
353,นครพนม,,,เมืองนครพนม,42,4,"['กุรุคุ', 'บ้านผึ้ง', 'วังตามัว']",
354,นราธิวาส,4,4,เมืองนราธิวาส,43,1,,
355,นราธิวาส,,,ตากใบ,43,1,,
356,นราธิวาส,,,สุไหงโก-ลก,43,2,,
357,นราธิวาส,,,แว้ง,43,2,,
358,นราธิวาส,,,สุไหงปาดี,43,2,,
359,นราธิวาส,,,ระแงะ,43,3,,
360,นราธิวาส,,,จะแนะ,43,3,,
361,นราธิวาส,,,เจาะไอร้อง,43,3,,
362,นราธิวาส,,,สุคิริน,43,3,,
363,นราธิวาส,,,บาเจาะ,43,4,,
364,นราธิวาส,,,ยี่งอ,43,4,,
365,นราธิวาส,,,รือเสาะ,43,4,,
366,นราธิวาส,,,ศรีสาคร,43,4,,
367,ปัตตานี,4,4,เมืองปัตตานี,44,1,,
368,ปัตตานี,,,ยะหริ่ง,44,1,"['บางปู', 'แหลมโพธิ์', 'ตะโละกาโปร์', 'ยามู', 'ราตาปันยัง', 'ตาแกะ', 'ปิยามุมัง', 'ตะโละ', 'ตาลีอายร์', 'ปุลากง']",
369,ปัตตานี,,,หนองจิก,44,2,,
370,ปัตตานี,,,โคกโพธิ์,44,2,,
371,ปัตตานี,,,แม่ลาน,44,2,,
372,ปัตตานี,,,ปะนาเระ,44,3,,
373,ปัตตานี,,,สายบุรี,44,3,,
374,ปัตตานี,,,ไม้แก่น,44,3,,
375,ปัตตานี,,,กะพ้อ,44,3,,
376,ปัตตานี,,,ยะหริ่ง,44,3,,"['บางปู', 'แหลมโพธิ์', 'ตะโละกาโปร์', 'ยามู', 'ราตาปันยัง', 'ตาแกะ', 'ปิยามุมัง', 'ตะโละ', 'ตาลีอายร์', 'ปุลากง']"
377,ปัตตานี,,,ยะรัง,44,4,,
378,ปัตตานี,,,มายอ,44,4,,
379,ปัตตานี,,,ทุ่งยางแดง,44,4,,
380,พระนครศรีอยุธยา,4,4,พระนครศรีอยุธยา,45,1,,
381,พระนครศรีอยุธยา,,,อุทัย,45,1,,
382,พระนครศรีอยุธยา,,,บางปะหัน,45,2,,
383,พระนครศรีอยุธยา,,,มหาราช,45,2,,
384,พระนครศรีอยุธยา,,,ท่าเรือ,45,2,,
385,พระนครศรีอยุธยา,,,นครหลวง,45,2,,
386,พระนครศรีอยุธยา,,,ภาชี,45,2,,
387,พระนครศรีอยุธยา,,,บ้านแพรก,45,2,,
388,พระนครศรีอยุธยา,,,บางปะอิน,45,3,,
389,พระนครศรีอยุธยา,,,บางไทร,45,3,,
390,พระนครศรีอยุธยา,,,วังน้อย,45,3,,
391,พระนครศรีอยุธยา,,,เสนา,45,4,,
392,พระนครศรีอยุธยา,,,บางซ้าย,45,4,,
393,พระนครศรีอยุธยา,,,ผักไห่,45,4,,
394,พระนครศรีอยุธยา,,,บางบาล,45,4,,
395,พระนครศรีอยุธยา,,,ลาดบัวหลวง,45,4,,
396,ระยอง,4,4,เมืองระยอง,46,1,,
397,ระยอง,,,ยกเว้นเทศบาลเมือง,46,1,,
398,ระยอง,,,มาบตาพุด,46,1,,
399,ระยอง,,,เทศบาลตำบลทับมา,46,1,,
400,ระยอง,,,เทศบาลตำบลเนินพระ,46,1,,
401,ระยอง,,,แกลง,46,2,,
402,ระยอง,,,วังจันทร์,46,2,,
403,ระยอง,,,เขาชะเมา,46,2,,
404,ระยอง,,,บ้านค่าย,46,3,,
405,ระยอง,,,ปลวกแดง,46,3,,
406,ระยอง,,,นิคมพัฒนา,46,3,,
407,ระยอง,,,เมืองระยอง,46,4,,
408,ระยอง,,,เฉพาะเทศบาลเมือง,46,4,,
409,ระยอง,,,มาบตาพุด,46,4,,
410,ระยอง,,,เทศบาลตำบลทับมา,46,4,,
411,ระยอง,,,เทศบาลตำบลเนินพระ,46,4,,
412,ระยอง,,,บ้านฉาง,46,4,,
413,ลพบุรี,4,4,เมืองลพบุรี,47,1,"['เขาสามยอด', 'ท่าหิน', 'ทะเลชุบศร', 'เขาพระงาม', 'ท่าศาลา', 'โคกตูม', 'นิคมสร้างตนเอง', 'ถนนใหญ่', 'กกโก', 'ป่าตาล', 'ท่าแค']",
414,ลพบุรี,,,เมืองลพบุรี,47,2,,"['เขาสามยอด', 'ท่าหิน', 'ทะเลชุบศร', 'เขาพระงาม', 'ท่าศาลา', 'โคกตูม', 'นิคมสร้างตนเอง', 'ถนนใหญ่', 'กกโก', 'ป่าตาล', 'ท่าแค']"
415,ลพบุรี,,,ท่าวุ้ง,47,2,,
416,ลพบุรี,,,บ้านหมี่,47,2,,
417,ลพบุรี,,,โคกสำโรง,47,3,,
418,ลพบุรี,,,หนองม่วง,47,3,,
419,ลพบุรี,,,พัฒนานิคม,47,3,,
420,ลพบุรี,,,ชัยบาดาล,47,4,,
421,ลพบุรี,,,ท่าหลวง,47,4,,
422,ลพบุรี,,,ลำสนธิ,47,4,,
423,ลพบุรี,,,สระโบสถ์,47,4,,
424,ลพบุรี,,,โคกเจริญ,47,4,,
425,ลำปาง,4,4,เมืองลำปาง,48,1,,
426,ลำปาง,,,ยกเว้นเทศบาลเมือง,48,1,,
427,ลำปาง,,,เขลางค์นคร,48,1,,
428,ลำปาง,,,พิชัยนอก,48,1,,
429,ลำปาง,,,เทศบาลนครลำปาง,48,1,,
430,ลำปาง,,,บ้านเสด็จ,48,1,,
431,ลำปาง,,,ห้างฉัตร,48,1,,
432,ลำปาง,,,งาว,48,2,,
433,ลำปาง,,,วังเหนือ,48,2,,
434,ลำปาง,,,แจ้ห่ม,48,2,,
435,ลำปาง,,,เมืองปาน,48,2,,
436,ลำปาง,,,เมืองลำปาง,48,3,,
437,ลำปาง,,,เฉพาะเทศบาลเมือง,48,3,,
438,ลำปาง,,,เขลางค์นคร,48,3,,
439,ลำปาง,,,พิชัยนอก,48,3,,
440,ลำปาง,,,เทศบาลนครลำปาง,48,3,,
441,ลำปาง,,,บ้านเสด็จ,48,3,,
442,ลำปาง,,,แม่เมาะ,48,3,,
443,ลำปาง,,,แม่ทะ,48,3,,
444,ลำปาง,,,เกาะคา,48,4,,
445,ลำปาง,,,เสริมงาม,48,4,,
446,ลำปาง,,,สบปราบ,48,4,,
447,ลำปาง,,,เถิน,48,4,,
448,ลำปาง,,,แม่พริก,48,4,,
449,สุพรรณบุรี,4,4,เมืองสุพรรณบุรี,49,1,,
450,สุพรรณบุรี,,,บางปลาม้า,49,1,"['จรเข้ใหญ่', 'โคกคราม', 'บางปลาม้า', 'องครักษ์', 'ตะค่า', 'วัดดาว', 'บ้านแหลม', 'ไผ่กองดิน']",
451,สุพรรณบุรี,,,บางปลาม้า,49,2,,"['จรเข้ใหญ่', 'โคกคราม', 'บางปลาม้า', 'องครักษ์', 'ตะค่า', 'วัดดาว', 'บ้านแหลม', 'ไผ่กองดิน']"
452,สุพรรณบุรี,,,สองพี่น้อง,49,2,,
453,สุพรรณบุรี,,,อู่ทอง,49,2,"['เจดีย์', 'กระจัน', 'จรเข้สามพัน', 'ยุ้งทะลาย', 'บ้านดอน', 'สระยายโสม', 'ดอนมะเกลือ', 'สระพังลาน']",
454,สุพรรณบุรี,,,อู่ทอง,49,3,,"['เจดีย์', 'กระจัน', 'จรเข้สามพัน', 'ยุ้งทะลาย', 'บ้านดอน', 'สระยายโสม', 'ดอนมะเกลือ', 'สระพังลาน']"
455,สุพรรณบุรี,,,ดอนเจดีย์,49,3,"['ไร่รถ', 'ดอนเจดีย์', 'หนองสาหร่าย']",
456,สุพรรณบุรี,,,สามชุก,49,3,,
457,สุพรรณบุรี,,,ศรีประจันต์,49,3,,
458,สุพรรณบุรี,,,ด่านช้าง,49,4,,
459,สุพรรณบุรี,,,เดิมบางนางบวช,49,4,,
460,สุพรรณบุรี,,,หนองหญ้าไซ,49,4,,
461,สุพรรณบุรี,,,ดอนเจดีย์,49,4,,"['ไร่รถ', 'ดอนเจดีย์', 'หนองสาหร่าย']"
462,กาญจนบุรี,5,5,เมืองกาญจนบุรี,50,1,,
463,กาญจนบุรี,,,ศรีสวัสดิ์,50,1,,
464,กาญจนบุรี,,,ท่าม่วง,50,2,,
465,กาญจนบุรี,,,ด่านมะขามเตี้ย,50,2,,
466,กาญจนบุรี,,,ท่ามะกา,50,3,,
467,กาญจนบุรี,,,พนมทวน,50,3,,
468,กาญจนบุรี,,,เลาขวัญ,50,4,,
469,กาญจนบุรี,,,ห้วยกระเจา,50,4,,
470,กาญจนบุรี,,,หนองปรือ,50,4,,
471,กาญจนบุรี,,,บ่อพลอย,50,4,,
472,กาญจนบุรี,,,ทองผาภูมิ,50,5,,
473,กาญจนบุรี,,,สังขละบุรี,50,5,,
474,กาญจนบุรี,,,ไทรโยค,50,5,,
475,กาฬสินธุ์,5,5,เมืองกาฬสินธุ์,51,1,,
476,กาฬสินธุ์,,,ร่องคำ,51,1,,
477,กาฬสินธุ์,,,กมลาไสย,51,1,"['โคกสมบูรณ์', 'ดงลิง', 'เจ้าท่า', 'โพนงาม']",
478,กาฬสินธุ์,,,ยางตลาด,51,2,,
479,กาฬสินธุ์,,,ฆ้องชัย,51,2,,
480,กาฬสินธุ์,,,กมลาไสย,51,2,,"['โคกสมบูรณ์', 'ดงลิง', 'เจ้าท่า', 'โพนงาม']"
481,กาฬสินธุ์,,,หนองกุงศรี,51,3,,
482,กาฬสินธุ์,,,ห้วยเม็ก,51,3,,
483,กาฬสินธุ์,,,ท่าคันโท,51,3,,
484,กาฬสินธุ์,,,สหัสขันธ์,51,3,,
485,กาฬสินธุ์,,,สมเด็จ,51,4,,
486,กาฬสินธุ์,,,คำม่วง,51,4,,
487,กาฬสินธุ์,,,นามน,51,4,,
488,กาฬสินธุ์,,,สามชัย,51,4,,
489,กาฬสินธุ์,,,ดอนจาน,51,4,,
490,กาฬสินธุ์,,,กุฉินารายณ์,51,5,,
491,กาฬสินธุ์,,,เขาวง,51,5,,
492,กาฬสินธุ์,,,นาคู,51,5,,
493,กาฬสินธุ์,,,ห้วยผึ้ง,51,5,,
494,นครปฐม,5,5,เมืองนครปฐม,52,1,"['พระปฐมเจดีย์', 'นครปฐม', 'ลำพยา', 'บ่อพลับ', 'หนองปากโลง', 'สนามจันทร์', 'ห้วยจรเข้', 'โพรงมะเดื่อ', 'หนองดินแดง', 'สวนป่าน', 'สระกะเทียม', 'วังตะกู', 'วังเย็น', 'พระประโทน', 'บางแขม']",
495,นครปฐม,,,เมืองนครปฐม,52,2,"['บ้านยาง', 'ทัพหลวง', 'หนองงูเหลือม', 'ตาก้อง', 'ทุ่งน้อย', 'มาบแค']",
496,นครปฐม,,,กำแพงแสน,52,2,,
497,นครปฐม,,,บางเลน,52,3,,
498,นครปฐม,,,ดอนตูม,52,3,,
499,นครปฐม,,,พุทธมณฑล,52,3,,
500,นครปฐม,,,เมืองนครปฐม,52,4,"['ดอนยายหอม', 'สามควายเผือก', 'ธรรมศาลา', 'ถนนขาด']",
501,นครปฐม,,,นครชัยศรี,52,4,,
502,นครปฐม,,,สามพราน,52,4,"['ตลาดจินดา', 'คลองจินดา', 'บางช้าง']",
503,นครปฐม,,,สามพราน,52,5,,"['ตลาดจินดา', 'คลองจินดา', 'บางช้าง']"
504,พิษณุโลก,5,5,เมืองพิษณุโลก,53,1,"['ในเมือง', 'อรัญญิก', 'วัดจันทร์', 'บ้านคลอง', 'พลายชุมพล', 'ท่าทอง', 'บึงพระ', 'วัดพริก', 'วังน้ำคู้']",
505,พิษณุโลก,,,พรหมพิราม,53,2,,
506,พิษณุโลก,,,เมืองพิษณุโลก,53,2,"['ไผ่ขอดอน', 'จอมทอง', 'มะขามสูง', 'ปากโทก', 'บ้านกร่าง', 'หัวรอ', 'สมอแข', 'ดอนทอง', 'บ้านป่า']",
507,พิษณุโลก,,,วังทอง,53,3,,
508,พิษณุโลก,,,เนินมะปราง,53,3,,
509,พิษณุโลก,,,บางระกำ,53,4,,
510,พิษณุโลก,,,บางกระทุ่ม,53,4,,
511,พิษณุโลก,,,เมืองพิษณุโลก,53,4,"['งิ้วงาม', 'ท่าโพธิ์']",
512,พิษณุโลก,,,นครไทย,53,5,,
513,พิษณุโลก,,,วัดโบสถ์,53,5,,
514,พิษณุโลก,,,ชาติตระการ,53,5,,
515,เพชรบูรณ์,5,5,เมืองเพชรบูรณ์,54,1,,
516,เพชรบูรณ์,,,เฉพาะเทศบาลเมือง,54,1,,
517,เพชรบูรณ์,,,เพชรบูรณ์,54,1,,
518,เพชรบูรณ์,,,เทศบาลตำบลนางั่ว,54,1,,
519,เพชรบูรณ์,,,เทศบาลตำบลท่าพล,54,1,,
520,เพชรบูรณ์,,,ท่าพล,54,1,,
521,เพชรบูรณ์,,,สะเดียง,54,1,,
522,เพชรบูรณ์,,,ป่าเลา,54,1,,
523,เพชรบูรณ์,,,ดงมูลเหล็ก,54,1,,
524,เพชรบูรณ์,,,บ้านโคก,54,1,,
525,เพชรบูรณ์,,,ห้วยใหญ่,54,1,,
526,เพชรบูรณ์,,,เขาค้อ,54,1,,
527,เพชรบูรณ์,,,หล่มสัก,54,1,"['น้ำชุน', 'บุ่งน้ำเต้า', 'หนองไขว่', 'น้ำก้อ', 'บุ่งคล้า']",
528,เพชรบูรณ์,,,หล่มเก่า,54,2,,
529,เพชรบูรณ์,,,น้ำหนาว,54,2,,
530,เพชรบูรณ์,,,หล่มสัก,54,2,,"['น้ำชุน', 'บุ่งน้ำเต้า', 'หนองไขว่', 'น้ำก้อ', 'บุ่งคล้า']"
531,เพชรบูรณ์,,,ชนแดน,54,3,,
532,เพชรบูรณ์,,,วังโป่ง,54,3,,
533,เพชรบูรณ์,,,เมืองเพชรบูรณ์,54,3,,
534,เพชรบูรณ์,,,เฉพาะเทศบาลตำบลวังชมภู,54,3,,
535,เพชรบูรณ์,,,วังชมภู,54,3,,
536,เพชรบูรณ์,,,ห้วยสะแก,54,3,,
537,เพชรบูรณ์,,,นายม,54,3,,
538,เพชรบูรณ์,,,บ้านโตก,54,3,,
539,เพชรบูรณ์,,,น้ำร้อน,54,3,,
540,เพชรบูรณ์,,,ชอนไพร,54,3,,
541,เพชรบูรณ์,,,ตะเบาะ,54,3,,
542,เพชรบูรณ์,,,นาป่า,54,3,,
543,เพชรบูรณ์,,,บึงสามพัน,54,4,,
544,เพชรบูรณ์,,,หนองไผ่,54,4,,
545,เพชรบูรณ์,,,เมืองเพชรบูรณ์,54,4,['ระวิง'],
546,เพชรบูรณ์,,,วิเชียรบุรี,54,4,['สามแยก'],
547,เพชรบูรณ์,,,ศรีเทพ,54,5,,
548,เพชรบูรณ์,,,วิเชียรบุรี,54,5,,['สามแยก']
549,มหาสารคาม,5,5,เมืองมหาสารคาม,55,1,,
550,มหาสารคาม,,,แกดำ,55,1,,
551,มหาสารคาม,,,โกสุมพิสัย,55,1,['แก้งแก'],
552,มหาสารคาม,,,วาปีปทุม,55,2,,
553,มหาสารคาม,,,บรบือ,55,2,,"['วังไชย', 'โนนแดง', 'หนองคูขาด', 'โนนราษี']"
554,มหาสารคาม,,,พยัคฆภูมิพิสัย,55,3,,
555,มหาสารคาม,,,ยางสีสุราช,55,3,,
556,มหาสารคาม,,,นาดูน,55,3,,
557,มหาสารคาม,,,นาเชือก,55,3,,"['สำโรง', 'หนองแดง', 'ปอพาน', 'หนองเม็ก', 'หนองเรือ']"
558,มหาสารคาม,,,กุดรัง,55,4,,
559,มหาสารคาม,,,นาเชือก,55,4,"['สำโรง', 'หนองแดง', 'ปอพาน', 'หนองเม็ก', 'หนองเรือ']",
560,มหาสารคาม,,,โกสุมพิสัย,55,4,"['หัวขวาง', 'ยางน้อย', 'วังยาว', 'เขวาไร่', 'แพง', 'หนองเหล็ก', 'เหล่า', 'หนองบอน', 'โพนงาม', 'ยางท่าแจ้ง', 'หนองกุงสวรรค์', 'ดอนกลาง']",
561,มหาสารคาม,,,บรบือ,55,4,"['วังไชย', 'โนนแดง', 'หนองคูขาด', 'โนนราษี']",
562,มหาสารคาม,,,กันทรวิชัย,55,5,,
563,มหาสารคาม,,,เชียงยืน,55,5,,
564,มหาสารคาม,,,ชื่นชม,55,5,,
565,มหาสารคาม,,,โกสุมพิสัย,55,5,"['หนองบัว', 'แห่ใต้', 'เลิงใต้', 'เขื่อน']",
566,ราชบุรี,5,5,เมืองราชบุรี,56,1,,"['น้ำพุ', 'ห้วยไผ่', 'ดอนแร่', 'อ่างทอง']"
567,ราชบุรี,,,เมืองราชบุรี,56,2,"['น้ำพุ', 'ห้วยไผ่', 'ดอนแร่', 'อ่างทอง']",
568,ราชบุรี,,,ปากท่อ,56,2,,
569,ราชบุรี,,,สวนผึ้ง,56,2,,
570,ราชบุรี,,,วัดเพลง,56,2,,
571,ราชบุรี,,,บ้านคา,56,2,,
572,ราชบุรี,,,โพธาราม,56,3,,"['บ้านฆ้อง', 'บ้านสิงห์', 'ดอนทราย']"
573,ราชบุรี,,,จอมบึง,56,3,,
574,ราชบุรี,,,บ้านโป่ง,56,4,,
575,ราชบุรี,,,ดำเนินสะดวก,56,5,,
576,ราชบุรี,,,บางแพ,56,5,,
577,ราชบุรี,,,โพธาราม,56,5,"['บ้านฆ้อง', 'บ้านสิงห์', 'ดอนทราย']",
578,ชัยภูมิ,6,6,เมืองชัยภูมิ,57,1,,
579,ชัยภูมิ,,,จัตุรัส,57,2,,
580,ชัยภูมิ,,,เนินสง่า,57,2,,
581,ชัยภูมิ,,,บ้านเขว้า,57,2,,
582,ชัยภูมิ,,,หนองบัวระเหว,57,2,,
583,ชัยภูมิ,,,เทพสถิต,57,3,,
584,ชัยภูมิ,,,บำเหน็จณรงค์,57,3,,
585,ชัยภูมิ,,,ภักดีชุมพล,57,3,,
586,ชัยภูมิ,,,ซับใหญ่,57,3,,
587,ชัยภูมิ,,,เกษตรสมบูรณ์,57,4,,
588,ชัยภูมิ,,,หนองบัวแดง,57,4,,
589,ชัยภูมิ,,,ภูเขียว,57,5,,
590,ชัยภูมิ,,,คอนสาร,57,5,,
591,ชัยภูมิ,,,แก้งคร้อ,57,6,,
592,ชัยภูมิ,,,คอนสวรรค์,57,6,,
593,ชัยภูมิ,,,บ้านแท่น,57,6,,
594,นครสวรรค์,6,6,เมืองนครสวรรค์,58,1,"['นครสวรรค์ตก', '(ในเทศบาลนคร', 'นครสวรรค์']",
595,นครสวรรค์,,,นครสวรรค์ออก,58,1,,
596,นครสวรรค์,,,ในเทศบาลนคร,58,1,,
597,นครสวรรค์,,,นครสวรรค์,58,1,,
598,นครสวรรค์,,,แควใหญ่,58,1,,
599,นครสวรรค์,,,ในเทศบาลนคร,58,1,,
600,นครสวรรค์,,,นครสวรรค์,58,1,,
601,นครสวรรค์,,,ปากน้ำโพ,58,1,,
602,นครสวรรค์,,,วัดไทร,58,1,,
603,นครสวรรค์,,,บางม่วง,58,1,,
604,นครสวรรค์,,,บ้านมะเกลือ,58,1,,
605,นครสวรรค์,,,บ้านแก่ง,58,1,,
606,นครสวรรค์,,,หนองกรด,58,1,,
607,นครสวรรค์,,,หนองกระโดน,58,1,,
608,นครสวรรค์,,,บึงเสนาท,58,1,,
609,นครสวรรค์,,,เก้าเลี้ยว,58,1,['มหาโพธิ'],
610,นครสวรรค์,,,ลาดยาว,58,1,['หนองยาว'],
611,นครสวรรค์,,,เมืองนครสวรรค์,58,2,,"['นครสวรรค์ตก', '(ในเทศบาลนคร', 'นครสวรรค์']"
612,นครสวรรค์,,,นครสวรรค์ออก,58,2,,
613,นครสวรรค์,,,ในเทศบาลนคร,58,2,,
614,นครสวรรค์,,,นครสวรรค์,58,2,,
615,นครสวรรค์,,,แควใหญ่,58,2,,
616,นครสวรรค์,,,ในเทศบาลนคร,58,2,,
617,นครสวรรค์,,,นครสวรรค์,58,2,,
618,นครสวรรค์,,,ปากน้ำโพ,58,2,,
619,นครสวรรค์,,,วัดไทร,58,2,,
620,นครสวรรค์,,,บางม่วง,58,2,,
621,นครสวรรค์,,,บ้านมะเกลือ,58,2,,
622,นครสวรรค์,,,บ้านแก่ง,58,2,,
623,นครสวรรค์,,,หนองกรด,58,2,,
624,นครสวรรค์,,,หนองกระโดน,58,2,,
625,นครสวรรค์,,,บึงเสนาท,58,2,,
626,นครสวรรค์,,,พยุหะคีรี,58,2,,
627,นครสวรรค์,,,โกรกพระ,58,2,,
628,นครสวรรค์,,,ชุมแสง,58,2,['ทับกฤชใต้'],
629,นครสวรรค์,,,บรรพตพิสัย,58,3,,
630,นครสวรรค์,,,ชุมแสง,58,3,,['ทับกฤชใต้']
631,นครสวรรค์,,,เก้าเลี้ยว,58,3,,['มหาโพธิ']
632,นครสวรรค์,,,หนองบัว,58,4,,
633,นครสวรรค์,,,ไพศาลี,58,4,,"['ตะคร้อ', 'สำโรงชัย', 'โพธิ์ประสาท']"
634,นครสวรรค์,,,ท่าตะโก,58,4,,
635,นครสวรรค์,,,ตาคลี,58,5,,
636,นครสวรรค์,,,ตากฟ้า,58,5,,
637,นครสวรรค์,,,ไพศาลี,58,5,"['ตะคร้อ', 'สำโรงชัย', 'โพธิ์ประสาท']",
638,นครสวรรค์,,,ลาดยาว,58,6,,['หนองยาว']
639,นครสวรรค์,,,แม่วงก์,58,6,,
640,นครสวรรค์,,,แม่เปิน,58,6,,
641,นครสวรรค์,,,ชุมตาบง,58,6,,
642,นนทบุรี,6,6,เมืองนนทบุรี,59,1,"['ท่าทราย', 'บางกระสอ', 'บางเขน']",
643,นนทบุรี,,,ปากเกร็ด,59,1,"['บางพลับ', 'อ้อมเกร็ด', 'เกาะเกร็ด', 'ท่าอิฐ']",
644,นนทบุรี,,,เมืองนนทบุรี,59,2,,"['ท่าทราย', 'บางกระสอ', 'บางเขน']"
645,นนทบุรี,,,บางกรวย,59,3,,
646,นนทบุรี,,,บางใหญ่,59,3,"['บ้านใหม่', 'บางแม่นาง', 'บางใหญ่']",
647,นนทบุรี,,,ปากเกร็ด,59,4,,"['บางพลับ', 'อ้อมเกร็ด', 'เกาะเกร็ด', 'ท่าอิฐ']"
648,นนทบุรี,,,บางบัวทอง,59,5,"['พิมลราช', 'โสนลอย', 'บางรักพัฒนา', 'บางรักใหญ่']",
649,นนทบุรี,,,บางใหญ่,59,5,,"['บ้านใหม่', 'บางแม่นาง', 'บางใหญ่']"
650,นนทบุรี,,,ไทรน้อย,59,6,,
651,นนทบุรี,,,บางบัวทอง,59,6,,"['พิมลราช', 'โสนลอย', 'บางรักพัฒนา', 'บางรักใหญ่']"
652,ปทุมธานี,6,6,เมืองปทุมธานี,60,1,"['บางปรอก', 'บ้านฉาง', 'บางขะแยง', 'บางคูวัด', 'บางหลวง', 'บางเดื่อ', 'บ้านใหม่', 'บางกะดี']",
653,ปทุมธานี,,,ลาดหลุมแก้ว,60,1,,
654,ปทุมธานี,,,เมืองปทุมธานี,60,2,,"['บางปรอก', 'บ้านฉาง', 'บางขะแยง', 'บางคูวัด', 'บางหลวง', 'บางเดื่อ', 'บ้านใหม่', 'บางกะดี']"
655,ปทุมธานี,,,สามโคก,60,2,,
656,ปทุมธานี,,,คลองหลวง,60,2,,
657,ปทุมธานี,,,เฉพาะเทศบาลเมือง,60,2,,
658,ปทุมธานี,,,คลองหลวง,60,2,,
659,ปทุมธานี,,,คลองหลวง,60,3,,
660,ปทุมธานี,,,เฉพาะเทศบาลเมืองท่าโขลง,60,3,,
661,ปทุมธานี,,,คลองสาม,60,3,,
662,ปทุมธานี,,,คลองสี่,60,3,,
663,ปทุมธานี,,,ธัญบุรี,60,4,['ประชาธิปัตย์'],
664,ปทุมธานี,,,ลำลูกกา,60,4,['คูคต'],
665,ปทุมธานี,,,ธัญบุรี,60,5,['บึงยี่โถ'],
666,ปทุมธานี,,,ลำลูกกา,60,5,,['คูคต']
667,ปทุมธานี,,,คลองหลวง,60,6,"['คลองห้า', 'คลองหก', 'คลองเจ็ด']",
668,ปทุมธานี,,,หนองเสือ,60,6,,
669,ปทุมธานี,,,ธัญบุรี,60,6,"['รังสิต', 'ลำผักกูด', 'บึงสนั่น', 'บึงน้ำรักษ์']",
670,สกลนคร,6,6,เมืองสกลนคร,61,1,,
671,สกลนคร,,,กุสุมาลย์,61,2,,
672,สกลนคร,,,โพนนาแก้ว,61,2,,
673,สกลนคร,,,โคกศรีสุพรรณ,61,2,,
674,สกลนคร,,,เต่างอย,61,2,,
675,สกลนคร,,,ภูพาน,61,2,,
676,สกลนคร,,,พังโคน,61,3,,
677,สกลนคร,,,วาริชภูมิ,61,3,,
678,สกลนคร,,,ส่องดาว,61,3,,
679,สกลนคร,,,นิคมน้ำอูน,61,3,,
680,สกลนคร,,,กุดบาก,61,3,,
681,สกลนคร,,,สว่างแดนดิน,61,4,,
682,สกลนคร,,,เจริญศิลป์,61,4,,
683,สกลนคร,,,วานรนิวาส,61,5,,
684,สกลนคร,,,บ้านม่วง,61,5,,
685,สกลนคร,,,พรรณานิคม,61,6,,
686,สกลนคร,,,อากาศอำนวย,61,6,,
687,สกลนคร,,,คำตากล้า,61,6,,
688,สุราษฎร์ธานี,6,6,เมืองสุราษฎร์ธานี,62,1,,
689,สุราษฎร์ธานี,,,กาญจนดิษฐ์,62,2,,"['ทุ่งรัง', 'ช้างซ้าย', 'ช้างขวา', 'ป่าร่อน', 'คลองสระ']"
690,สุราษฎร์ธานี,,,ดอนสัก,62,2,,
691,สุราษฎร์ธานี,,,เกาะสมุย,62,2,,
692,สุราษฎร์ธานี,,,เกาะพะงัน,62,2,,
693,สุราษฎร์ธานี,,,กาญจนดิษฐ์,62,3,"['ทุ่งรัง', 'ช้างซ้าย', 'ช้างขวา', 'ป่าร่อน', 'คลองสระ']",
694,สุราษฎร์ธานี,,,บ้านนาสาร,62,3,,
695,สุราษฎร์ธานี,,,เวียงสระ,62,3,,
696,สุราษฎร์ธานี,,,พุนพิน,62,4,,
697,สุราษฎร์ธานี,,,บ้านนาเดิม,62,4,,
698,สุราษฎร์ธานี,,,คีรีรัฐนิคม,62,4,,"['ท่าขนอน', 'น้ำหัก', 'บ้านยาง']"
699,สุราษฎร์ธานี,,,เคียนซา,62,4,,['บ้านเสด็จ']
700,สุราษฎร์ธานี,,,พระแสง,62,5,,
701,สุราษฎร์ธานี,,,ชัยบุรี,62,5,,
702,สุราษฎร์ธานี,,,พนม,62,5,,
703,สุราษฎร์ธานี,,,บ้านตาขุน,62,5,,
704,สุราษฎร์ธานี,,,เคียนซา,62,5,['บ้านเสด็จ'],
705,สุราษฎร์ธานี,,,ไชยา,62,6,,
706,สุราษฎร์ธานี,,,ท่าชนะ,62,6,,
707,สุราษฎร์ธานี,,,ท่าฉาง,62,6,,
708,สุราษฎร์ธานี,,,วิภาวดี,62,6,,
709,สุราษฎร์ธานี,,,คีรีรัฐนิคม,62,6,"['ท่าขนอน', 'น้ำหัก', 'บ้านยาง']",
710,เชียงราย,7,7,เมืองเชียงราย,63,1,,"['ท่าสาย', 'สันทราย', 'ป่าอ้อดอนชัย', 'ห้วยสัก', 'ดอยลาน']"
711,เชียงราย,,,แม่ลาว,63,2,,
712,เชียงราย,,,แม่สรวย,63,2,,
713,เชียงราย,,,เวียงป่าเป้า,63,2,,
714,เชียงราย,,,พาน,63,3,,
715,เชียงราย,,,เมืองเชียงราย,63,3,"['ท่าสาย', 'สันทราย', 'ป่าอ้อดอนชัย', 'ห้วยสัก', 'ดอยลาน']",
716,เชียงราย,,,เทิง,63,4,,
717,เชียงราย,,,ป่าแดด,63,4,,
718,เชียงราย,,,เวียงชัย,63,4,,
719,เชียงราย,,,เวียงเชียงรุ้ง,63,4,,
720,เชียงราย,,,เชียงของ,63,5,,
721,เชียงราย,,,เวียงแก่น,63,5,,
722,เชียงราย,,,ขุนตาล,63,5,,
723,เชียงราย,,,พญาเม็งราย,63,5,,
724,เชียงราย,,,เชียงแสน,63,5,['แม่เงิน'],
725,เชียงราย,,,แม่สาย,63,6,,
726,เชียงราย,,,เชียงแสน,63,6,,['แม่เงิน']
727,เชียงราย,,,ดอยหลวง,63,6,,
728,เชียงราย,,,แม่จัน,63,7,,
729,เชียงราย,,,แม่ฟ้าหลวง,63,7,,
730,ร้อยเอ็ด,7,7,เมืองร้อยเอ็ด,64,1,,
731,ร้อยเอ็ด,,,ศรีสมเด็จ,64,1,,
732,ร้อยเอ็ด,,,โพธิ์ชัย,64,2,,
733,ร้อยเอ็ด,,,จังหาร,64,2,,
734,ร้อยเอ็ด,,,เชียงขวัญ,64,2,,
735,ร้อยเอ็ด,,,ธวัชบุรี,64,2,"['ธวัชบุรี', 'นิเวศน์', 'หนองพอก', 'มะอึ', 'อุ่มเม้า', 'หนองไผ่', 'ไพศาล', 'ธงธานี', 'บึงนคร']",
736,ร้อยเอ็ด,,,โพนทอง,64,3,,
737,ร้อยเอ็ด,,,เมยวดี,64,3,,
738,ร้อยเอ็ด,,,หนองพอก,64,3,"['หนองพอก', 'ภูเขาทอง', 'บึงงาม', 'ผาน้ำย้อย', 'โคกสว่าง', 'กกโพธิ์', 'รอบเมือง']",
739,ร้อยเอ็ด,,,เสลภูมิ,64,4,,
740,ร้อยเอ็ด,,,ทุ่งเขาหลวง,64,4,,
741,ร้อยเอ็ด,,,ธวัชบุรี,64,4,,"['ธวัชบุรี', 'นิเวศน์', 'หนองพอก', 'มะอึ', 'อุ่มเม้า', 'หนองไผ่', 'ไพศาล', 'ธงธานี', 'บึงนคร']"
742,ร้อยเอ็ด,,,หนองพอก,64,4,,"['หนองพอก', 'ภูเขาทอง', 'บึงงาม', 'ผาน้ำย้อย', 'โคกสว่าง', 'กกโพธิ์', 'รอบเมือง']"
743,ร้อยเอ็ด,,,อาจสามารถ,64,4,"['บ้านแจ้ง', 'โพนเมือง']",
744,ร้อยเอ็ด,,,พนมไพร,64,5,,
745,ร้อยเอ็ด,,,หนองฮี,64,5,,
746,ร้อยเอ็ด,,,โพนทราย,64,5,,
747,ร้อยเอ็ด,,,อาจสามารถ,64,5,,"['บ้านแจ้ง', 'โพนเมือง']"
748,ร้อยเอ็ด,,,สุวรรณภูมิ,64,6,,
749,ร้อยเอ็ด,,,เมืองสรวง,64,6,,
750,ร้อยเอ็ด,,,จตุรพักตรพิมาน,64,6,"['หัวช้าง', 'ดงแดง', 'ดงกลาง', 'ป่าสังข์', 'น้ำใส', 'ศรีโคตร']",
751,ร้อยเอ็ด,,,เกษตรวิสัย,64,7,,
752,ร้อยเอ็ด,,,ปทุมรัตต์,64,7,,
753,ร้อยเอ็ด,,,จตุรพักตรพิมาน,64,7,,"['หัวช้าง', 'ดงแดง', 'ดงกลาง', 'ป่าสังข์', 'น้ำใส', 'ศรีโคตร']"
754,สมุทรปราการ,7,7,เมืองสมุทรปราการ,65,1,"['บางโปรง', 'บางด้วน', 'บางเมือง', 'ท้ายบ้าน', 'ปากน้ำ']",
755,สมุทรปราการ,,,เมืองสมุทรปราการ,65,2,"['บางปู', 'บางปูใหม่', 'แพรกษา', 'แพรกษาใหม่', 'ท้ายบ้านใหม่']",
756,สมุทรปราการ,,,เมืองสมุทรปราการ,65,3,"['เทพารักษ์', 'สำโรงเหนือ', 'บางเมืองใหม่']",
757,สมุทรปราการ,,,บางพลี,65,4,,"['หนองปรือ', 'ราชาเทวะ']"
758,สมุทรปราการ,,,บางบ่อ,65,5,,
759,สมุทรปราการ,,,บางเสาธง,65,5,,
760,สมุทรปราการ,,,บางพลี,65,5,"['หนองปรือ', 'ราชาเทวะ']",
761,สมุทรปราการ,,,พระประแดง,65,6,,['บางจาก']
762,สมุทรปราการ,,,พระสมุทรเจดีย์,65,7,,
763,สมุทรปราการ,,,พระประแดง,65,7,['บางจาก'],
764,สุรินทร์,7,7,เมืองสุรินทร์,66,1,"['เทนมีย์', 'ตระแสง', 'อ็อง', 'สวาย', 'นาบัว', 'เฉนียง', 'คอโค', 'นอกเมือง', 'สำโรง']",
765,สุรินทร์,,,ลำดวน,66,1,,['ตรำดม']
766,สุรินทร์,,,ปราสาท,66,1,"['บ้านไทร', 'ทมอ', 'ไพล', 'โคกยาง', 'เชื้อเพลิง', 'ทุ่งมน', 'สมุด', 'ปะทัดบุ']",
767,สุรินทร์,,,เขวาสินรินทร์,66,2,,
768,สุรินทร์,,,เมืองสุรินทร์,66,2,,"['เทนมีย์', 'ตระแสง', 'อ็อง', 'สวาย', 'นาบัว', 'เฉนียง', 'คอโค', 'นอกเมือง', 'สำโรง']"
769,สุรินทร์,,,ศีขรภูมิ,66,2,"['ช่างปี่', 'จารพัตร']",
770,สุรินทร์,,,จอมพระ,66,3,,
771,สุรินทร์,,,สนม,66,3,"['สนม', 'หนองระฆัง', 'นานวน', 'แคน', 'หนองอียอ']",
772,สุรินทร์,,,โนนนารายณ์,66,3,,
773,สุรินทร์,,,ท่าตูม,66,3,"['เมืองแก', 'บะ', 'หนองเมธี', 'บัวโคก', 'กระโพ']",
774,สุรินทร์,,,รัตนบุรี,66,3,"['หนองบัวบาน', 'เบิด', 'ยางสว่าง']",
775,สุรินทร์,,,ชุมพลบุรี,66,4,,
776,สุรินทร์,,,ท่าตูม,66,4,,"['เมืองแก', 'บะ', 'หนองเมธี', 'บัวโคก', 'กระโพ']"
777,สุรินทร์,,,รัตนบุรี,66,4,,"['หนองบัวบาน', 'เบิด', 'ยางสว่าง']"
778,สุรินทร์,,,สนม,66,4,['โพนโก'],
779,สุรินทร์,,,สำโรงทาบ,66,5,,
780,สุรินทร์,,,ศีขรภูมิ,66,5,,"['ช่างปี่', 'จารพัตร']"
781,สุรินทร์,,,ศรีณรงค์,66,5,"['ตรวจ', 'แจนแวน']",
782,สุรินทร์,,,ลำดวน,66,5,['ตรำดม'],
783,สุรินทร์,,,สนม,66,5,['หัวงัว'],
784,สุรินทร์,,,บัวเชด,66,6,,
785,สุรินทร์,,,สังขะ,66,6,,
786,สุรินทร์,,,ศรีณรงค์,66,6,,"['ตรวจ', 'แจนแวน']"
787,สุรินทร์,,,กาบเชิง,66,7,,
788,สุรินทร์,,,พนมดงรัก,66,7,,
789,สุรินทร์,,,ปราสาท,66,7,,"['บ้านไทร', 'ทมอ', 'ไพล', 'โคกยาง', 'เชื้อเพลิง', 'ทุ่งมน', 'สมุด', 'ปะทัดบุ']"
790,ชลบุรี,8,8,เมืองชลบุรี,67,1,,"['บางปลาสร้อย', 'มะขามหย่ง', 'บ้านโขด', 'บางทราย', 'หนองไม้แดง', 'คลองตำหรุ', 'ดอนหัวฬ่อ', 'บ้านสวน']"
791,ชลบุรี,,,เมืองชลบุรี,67,2,"['บางปลาสร้อย', 'มะขามหย่ง', 'บ้านโขด', 'บางทราย', 'หนองไม้แดง', 'คลองตำหรุ', 'ดอนหัวฬ่อ', 'บ้านสวน']",
792,ชลบุรี,,,พานทอง,67,2,,"['มาบโป่ง', 'หนองหงษ์']"
793,ชลบุรี,,,พนัสนิคม,67,3,,
794,ชลบุรี,,,เกาะจันทร์,67,3,,
795,ชลบุรี,,,พานทอง,67,3,"['มาบโป่ง', 'หนองหงษ์']",
796,ชลบุรี,,,บ้านบึง,67,4,,
797,ชลบุรี,,,บ่อทอง,67,4,,
798,ชลบุรี,,,หนองใหญ่,67,4,,
799,ชลบุรี,,,ศรีราชา,67,5,,"['ทุ่งสุขลา', 'บึง']"
800,ชลบุรี,,,เกาะสีชัง,67,5,,
801,ชลบุรี,,,ศรีราชา,67,6,"['ทุ่งสุขลา', 'บึง']",
802,ชลบุรี,,,บางละมุง,67,6,,"['หนองปรือ', 'โป่ง', 'ห้วยใหญ่', 'เขาไม้แก้ว']"
803,ชลบุรี,,,บางละมุง,67,7,"['หนองปรือ', 'โป่ง', 'ห้วยใหญ่', 'เขาไม้แก้ว']",
804,ชลบุรี,,,สัตหีบ,67,8,,
805,นครศรีธรรมราช,8,8,เมืองนครศรีธรรมราช,68,1,"['ท่าไร่', 'ปากนคร', 'บางจาก', 'ไชยมนตรี', 'มะม่วงสองต้น', 'โพธิ์เสด็จ', 'ท่าเรือ', 'ท่าซัก', 'เทศบาลนครนครศรีธรรมราช']",
806,นครศรีธรรมราช,,,ปากพนัง,68,2,,
807,นครศรีธรรมราช,,,เชียรใหญ่,68,2,,
808,นครศรีธรรมราช,,,หัวไทร,68,2,,
809,นครศรีธรรมราช,,,พระพรหม,68,3,,
810,นครศรีธรรมราช,,,เฉลิมพระเกียรติ,68,3,,
811,นครศรีธรรมราช,,,ชะอวด,68,3,,
812,นครศรีธรรมราช,,,จุฬาภรณ์,68,3,,
813,นครศรีธรรมราช,,,ทุ่งสง,68,4,,
814,นครศรีธรรมราช,,,บางขัน,68,4,,
815,นครศรีธรรมราช,,,ทุ่งใหญ่,68,5,,
816,นครศรีธรรมราช,,,ถ้ำพรรณรา,68,5,,
817,นครศรีธรรมราช,,,ฉวาง,68,5,,
818,นครศรีธรรมราช,,,พิปูน,68,5,,
819,นครศรีธรรมราช,,,ร่อนพิบูลย์,68,6,,
820,นครศรีธรรมราช,,,ลานสกา,68,6,,
821,นครศรีธรรมราช,,,ช้างกลาง,68,6,,
822,นครศรีธรรมราช,,,นาบอน,68,6,,
823,นครศรีธรรมราช,,,เมืองนครศรีธรรมราช,68,7,,"['ท่าไร่', 'ปากนคร', 'บางจาก', 'ไชยมนตรี', 'มะม่วงสองต้น', 'โพธิ์เสด็จ', 'ท่าเรือ', 'ท่าซัก', 'เทศบาลนครนครศรีธรรมราช']"
824,นครศรีธรรมราช,,,ท่าศาลา,68,7,,
825,นครศรีธรรมราช,,,สิชล,68,8,,
826,นครศรีธรรมราช,,,ขนอม,68,8,,
827,นครศรีธรรมราช,,,นบพิตำ,68,8,,
828,นครศรีธรรมราช,,,พรหมคีรี,68,8,,
829,บุรีรัมย์,8,8,เมืองบุรีรัมย์,69,1,,"['บัวทอง', 'ถลุงเหล็ก', 'กลันทา']"
830,บุรีรัมย์,,,สตึก,69,2,,
831,บุรีรัมย์,,,บ้านด่าน,69,2,,
832,บุรีรัมย์,,,แคนดง,69,2,,
833,บุรีรัมย์,,,เมืองบุรีรัมย์,69,2,"['บัวทอง', 'ถลุงเหล็ก', 'กลันทา']",
834,บุรีรัมย์,,,คูเมือง,69,3,,
835,บุรีรัมย์,,,พุทไธสง,69,3,,
836,บุรีรัมย์,,,นาโพธิ์,69,3,,
837,บุรีรัมย์,,,บ้านใหม่ไชยพจน์,69,3,,
838,บุรีรัมย์,,,ลำปลายมาศ,69,3,"['โคกสะอาด', 'เมืองแฝก']",
839,บุรีรัมย์,,,หนองหงส์,69,4,,
840,บุรีรัมย์,,,ชำนิ,69,4,,
841,บุรีรัมย์,,,ลำปลายมาศ,69,4,,"['โคกสะอาด', 'เมืองแฝก']"
842,บุรีรัมย์,,,กระสัง,69,5,,
843,บุรีรัมย์,,,พลับพลาชัย,69,5,,
844,บุรีรัมย์,,,ห้วยราช,69,5,,
845,บุรีรัมย์,,,ประโคนชัย,69,5,['ไพศาล'],
846,บุรีรัมย์,,,หนองกี่,69,6,,
847,บุรีรัมย์,,,โนนสุวรรณ,69,6,,
848,บุรีรัมย์,,,นางรอง,69,6,,"['ทรัพย์พระยา', 'ชุมแสง']"
849,บุรีรัมย์,,,บ้านกรวด,69,7,,
850,บุรีรัมย์,,,ประโคนชัย,69,7,,['ไพศาล']
851,บุรีรัมย์,,,ละหานทราย,69,8,,
852,บุรีรัมย์,,,ปะคำ,69,8,,
853,บุรีรัมย์,,,โนนดินแดง,69,8,,
854,บุรีรัมย์,,,เฉลิมพระเกียรติ,69,8,,
855,บุรีรัมย์,,,นางรอง,69,8,"['ทรัพย์พระยา', 'ชุมแสง']",
856,ศรีสะเกษ,8,8,เมืองศรีสะเกษ,70,1,,
857,ศรีสะเกษ,,,วังหิน,70,1,,
858,ศรีสะเกษ,,,กันทรารมย์,70,2,,
859,ศรีสะเกษ,,,โนนคูณ,70,2,,
860,ศรีสะเกษ,,,น้ำเกลี้ยง,70,2,,
861,ศรีสะเกษ,,,กันทรลักษ์,70,3,['ภูเงิน'],
862,ศรีสะเกษ,,,เบญจลักษ์,70,3,,
863,ศรีสะเกษ,,,ศรีรัตนะ,70,3,,
864,ศรีสะเกษ,,,พยุห์,70,3,,
865,ศรีสะเกษ,,,ไพรบึง,70,3,,
866,ศรีสะเกษ,,,กันทรลักษ์,70,4,,['ภูเงิน']
867,ศรีสะเกษ,,,ขุนหาญ,70,5,,
868,ศรีสะเกษ,,,ภูสิงห์,70,5,,
869,ศรีสะเกษ,,,ขุขันธ์,70,5,"['ปรือใหญ่', 'นิคมพัฒนา', 'ศรีตระกูล', 'ตาอุด']",
870,ศรีสะเกษ,,,ขุขันธ์,70,6,,"['ปรือใหญ่', 'นิคมพัฒนา', 'ศรีตระกูล', 'ตาอุด']"
871,ศรีสะเกษ,,,ปรางค์กู่,70,6,,"['สำโรงปราสาท', 'ตูม']"
872,ศรีสะเกษ,,,อุทุมพรพิสัย,70,7,,
873,ศรีสะเกษ,,,ห้วยทับทัน,70,7,,
874,ศรีสะเกษ,,,ปรางค์กู่,70,7,"['สำโรงปราสาท', 'ตูม']",
875,ศรีสะเกษ,,,เมืองจันทร์,70,7,,
876,ศรีสะเกษ,,,ราษีไศล,70,8,,
877,ศรีสะเกษ,,,ยางชุมน้อย,70,8,,
878,ศรีสะเกษ,,,ศิลาลาด,70,8,,
879,ศรีสะเกษ,,,บึงบูรพ์,70,8,,
880,ศรีสะเกษ,,,โพธิ์ศรีสุวรรณ,70,8,,
881,สงขลา,8,8,เมืองสงขลา,71,1,,
882,สงขลา,,,หาดใหญ่,71,2,"['หาดใหญ่', 'คลองแห', 'คลองอู่ตะเภา']",
883,สงขลา,,,หาดใหญ่,71,3,"['คูเต่า', 'ฉลุง', 'ทุ่งใหญ่', 'ท่าข้าม', 'น้ำน้อย', 'ควนลัง', 'ทุ่งตำเสา', 'คอหงส์']",
884,สงขลา,,,นาหม่อม,71,3,,
885,สงขลา,,,ระโนด,71,4,,
886,สงขลา,,,กระแสสินธุ์,71,4,,
887,สงขลา,,,สทิงพระ,71,4,,
888,สงขลา,,,สิงหนคร,71,4,,"['ปากรอ', 'ป่าขาด', 'ทำนบ', 'ชิงโค', 'หัวเขา', 'สทิงหม้อ']"
889,สงขลา,,,สิงหนคร,71,5,"['ปากรอ', 'ป่าขาด', 'ทำนบ', 'ชิงโค', 'หัวเขา', 'สทิงหม้อ']",
890,สงขลา,,,ควนเนียง,71,5,,
891,สงขลา,,,บางกล่ำ,71,5,,
892,สงขลา,,,รัตภูมิ,71,5,,
893,สงขลา,,,หาดใหญ่,71,6,"['พะตง', 'บ้านไร่', 'บ้านพรุ']",
894,สงขลา,,,คลองหอยโข่ง,71,6,,
895,สงขลา,,,สะเดา,71,6,,"['สำนักแต้ว', 'สำนักขาม']"
896,สงขลา,,,นาทวี,71,7,,
897,สงขลา,,,สะบ้าย้อย,71,7,,
898,สงขลา,,,สะเดา,71,7,"['สำนักแต้ว', 'สำนักขาม']",
899,สงขลา,,,จะนะ,71,8,,
900,สงขลา,,,เทพา,71,8,,
901,อุดรธานี,8,8,เมืองอุดรธานี,72,1,,
902,อุดรธานี,,,เฉพาะเทศบาลนครอุดรธานี,72,1,,
903,อุดรธานี,,,เทศบาลเมืองหนองสำโรง,72,1,,
904,อุดรธานี,,,เทศบาลตำบลหนองบัว,72,1,,
905,อุดรธานี,,,นาดี,72,1,,
906,อุดรธานี,,,เพ็ญ,72,2,,
907,อุดรธานี,,,เมืองอุดรธานี,72,2,"['บ้านขาว', 'นาข่า', 'นากว้าง', 'กุดสระ', 'หนองบัว', 'สามพร้าว', 'หมูม่น', 'เทศบาลตำบลนาข่า']",
908,อุดรธานี,,,พิบูลย์รักษ์,72,2,,['นาทราย']
909,อุดรธานี,,,บ้านดุง,72,3,,
910,อุดรธานี,,,ทุ่งฝน,72,3,,
911,อุดรธานี,,,สร้างคอม,72,3,,
912,อุดรธานี,,,พิบูลย์รักษ์,72,3,['นาทราย'],
913,อุดรธานี,,,หนองหาน,72,4,,
914,อุดรธานี,,,ประจักษ์ศิลปาคม,72,4,,
915,อุดรธานี,,,เมืองอุดรธานี,72,4,"['โนนสูง', 'หนองนาคำ', 'เทศบาลตำบลหนองไผ่', 'เทศบาลตำบลหนองขอนกว้าง']",
916,อุดรธานี,,,วังสามหมอ,72,5,,
917,อุดรธานี,,,ศรีธาตุ,72,5,,
918,อุดรธานี,,,ไชยวาน,72,5,,
919,อุดรธานี,,,กู่แก้ว,72,5,,
920,อุดรธานี,,,กุมภวาปี,72,5,"['สีออ', 'เทศบาลตำบลเวียงคำท่าลี่']",
921,อุดรธานี,,,หนองแสง,72,6,,
922,อุดรธานี,,,โนนสะอาด,72,6,,
923,อุดรธานี,,,กุมภวาปี,72,6,,"['สีออ', 'เทศบาลตำบลเวียงคำท่าลี่']"
924,อุดรธานี,,,เมืองอุดรธานี,72,6,"['บ้านจั่น', 'เทศบาลตำบลบ้านจั่นบ้านตาด']",
925,อุดรธานี,,,กุดจับ,72,7,,
926,อุดรธานี,,,หนองวัวซอ,72,7,,
927,อุดรธานี,,,เมืองอุดรธานี,72,7,"['หนองไฮ', 'โคกสะอาด', 'นิคมสงเคราะห์', 'เชียงพิณ', 'เชียงยืน', 'บ้านเลื่อม', 'เทศบาลตำบลนิคมสงเคราะห์']",
928,อุดรธานี,,,บ้านผือ,72,8,,
929,อุดรธานี,,,น้ำโสม,72,8,,
930,อุดรธานี,,,นายูง,72,8,,
931,เชียงใหม่,9,9,เมืองเชียงใหม่,73,1,,
932,เชียงใหม่,,,สารภี,73,2,,
933,เชียงใหม่,,,หางดง,73,2,,
934,เชียงใหม่,,,สันกำแพง,73,3,,
935,เชียงใหม่,,,ดอยสะเก็ด,73,3,,
936,เชียงใหม่,,,แม่ออน,73,3,,
937,เชียงใหม่,,,สันทราย,73,4,,
938,เชียงใหม่,,,พร้าว,73,4,,
939,เชียงใหม่,,,แม่แตง,73,4,['แม่หอพระ'],
940,เชียงใหม่,,,แม่ริม,73,5,,
941,เชียงใหม่,,,สะเมิง,73,5,,
942,เชียงใหม่,,,กัลยาณิวัฒนา,73,5,,
943,เชียงใหม่,,,แม่แตง,73,5,,['แม่หอพระ']
944,เชียงใหม่,,,ไชยปราการ,73,6,,
945,เชียงใหม่,,,เชียงดาว,73,6,,
946,เชียงใหม่,,,เวียงแหง,73,6,,
947,เชียงใหม่,,,ฝาง,73,7,,
948,เชียงใหม่,,,แม่อาย,73,7,,
949,เชียงใหม่,,,สันป่าตอง,73,8,,
950,เชียงใหม่,,,จอมทอง,73,8,,
951,เชียงใหม่,,,แม่วาง,73,8,,
952,เชียงใหม่,,,ดอยหล่อ,73,8,,
953,เชียงใหม่,,,ฮอด,73,9,,
954,เชียงใหม่,,,แม่แจ่ม,73,9,,
955,เชียงใหม่,,,อมก๋อย,73,9,,
956,เชียงใหม่,,,ดอยเต่า,73,9,,
957,ขอนแก่น,10,10,เมืองขอนแก่น,74,1,"['ในเมือง', 'เมืองเก่า', 'บ้านเป็ด']",
958,ขอนแก่น,,,ซำสูง,74,2,,
959,ขอนแก่น,,,เมืองขอนแก่น,74,2,"['ศิลา', 'บ้านทุ่ม', 'พระลับ', 'หนองตูม', 'ท่าพระ', 'บึงเนียม', 'โคกสี', 'บ้านหว้า', 'ดอนช้าง', 'ดอนหัน', 'แดงใหญ่']",
960,ขอนแก่น,,,กระนวน,74,3,,
961,ขอนแก่น,,,น้ำพอง,74,3,,
962,ขอนแก่น,,,เขาสวนกวาง,74,4,,
963,ขอนแก่น,,,อุบลรัตน์,74,4,,
964,ขอนแก่น,,,บ้านฝาง,74,4,,
965,ขอนแก่น,,,เมืองขอนแก่น,74,4,"['บ้านค้อ', 'สำราญ', 'โนนท่อน', 'สาวะถี']",
966,ขอนแก่น,,,หนองนาคำ,74,5,,
967,ขอนแก่น,,,ภูเวียง,74,5,,
968,ขอนแก่น,,,เวียงเก่า,74,5,,
969,ขอนแก่น,,,สีชมพู,74,5,,"['นาจาน', 'ซำยาง', 'ภูห่าน', 'หนองแดง']"
970,ขอนแก่น,,,ชุมแพ,74,6,,
971,ขอนแก่น,,,ภูผาม่าน,74,6,,
972,ขอนแก่น,,,สีชมพู,74,6,"['นาจาน', 'ซำยาง', 'ภูห่าน', 'หนองแดง']",
973,ขอนแก่น,,,หนองเรือ,74,7,,
974,ขอนแก่น,,,มัญจาคีรี,74,7,,
975,ขอนแก่น,,,พล,74,8,,
976,ขอนแก่น,,,แวงน้อย,74,8,,
977,ขอนแก่น,,,แวงใหญ่,74,8,,
978,ขอนแก่น,,,โคกโพธิ์ไชย,74,8,,
979,ขอนแก่น,,,หนองสองห้อง,74,9,,
980,ขอนแก่น,,,โนนศิลา,74,9,,
981,ขอนแก่น,,,ชนบท,74,9,,
982,ขอนแก่น,,,เปือยน้อย,74,9,,
983,ขอนแก่น,,,บ้านไผ่,74,10,,
984,ขอนแก่น,,,บ้านแฮด,74,10,,
985,ขอนแก่น,,,พระยืน,74,10,,
986,อุบลราชธานี,10,10,เมืองอุบลราชธานี,75,1,,"['กระโสบ', 'กุดลาด']"
987,อุบลราชธานี,,,เขื่องใน,75,2,,
988,อุบลราชธานี,,,ม่วงสามสิบ,75,2,,
989,อุบลราชธานี,,,วารินชำราบ,75,3,,
990,อุบลราชธานี,,,นาเยีย,75,3,,
991,อุบลราชธานี,,,เดชอุดม,75,4,,['ทุ่งเทิง']
992,อุบลราชธานี,,,ตระการพืชผล,75,5,,
993,อุบลราชธานี,,,กุดข้าวปุ้น,75,5,,
994,อุบลราชธานี,,,เหล่าเสือโก้ก,75,5,,
995,อุบลราชธานี,,,เขมราฐ,75,6,,
996,อุบลราชธานี,,,โพธิ์ไทร,75,6,,
997,อุบลราชธานี,,,นาตาล,75,6,,
998,อุบลราชธานี,,,ศรีเมืองใหม่,75,6,"['นาเลิน', 'หนามแท่ง']",
999,อุบลราชธานี,,,ศรีเมืองใหม่,75,7,,"['นาเลิน', 'หนามแท่ง']"
1000,อุบลราชธานี,,,โขงเจียม,75,7,,
1001,อุบลราชธานี,,,ตาลสุม,75,7,,
1002,อุบลราชธานี,,,ดอนมดแดง,75,7,,
1003,อุบลราชธานี,,,เมืองอุบลราชธานี,75,7,"['กระโสบ', 'กุดลาด']",
1004,อุบลราชธานี,,,พิบูลมังสาหาร,75,8,,
1005,อุบลราชธานี,,,สว่างวีระวงศ์,75,8,,
1006,อุบลราชธานี,,,สิรินธร,75,8,"['ฝางคำ', 'คันไร่', 'นิคมสร้างตนเอง', 'ลำโดมน้อย']",
1007,อุบลราชธานี,,,บุณฑริก,75,9,,
1008,อุบลราชธานี,,,นาจะหลวย,75,9,,
1009,อุบลราชธานี,,,สิรินธร,75,9,,"['ฝางคำ', 'คันไร่', 'นิคมสร้างตนเอง', 'ลำโดมน้อย']"
1010,อุบลราชธานี,,,น้ำยืน,75,10,,
1011,อุบลราชธานี,,,น้ำขุ่น,75,10,,
1012,อุบลราชธานี,,,ทุ่งศรีอุดม,75,10,,
1013,อุบลราชธานี,,,สำโรง,75,10,,
1014,อุบลราชธานี,,,เดชอุดม,75,10,['ทุ่งเทิง'],
1015,นครราชสีมา,14,14,เมืองนครราชสีมา,76,1,"['ในเมือง', 'หนองจะบก', 'โพธิ์กลาง', 'หนองไผ่ล้อม']",
1016,นครราชสีมา,,,เมืองนครราชสีมา,76,2,"['จอหอ', 'บ้านใหม่', 'หมื่นไวย', 'โคกสูง', 'พุดซา', 'บ้านโพธิ์', 'หนองกระทุ่ม', 'ตลาด', 'สีมุม', 'หนองไข่น้ำ', 'บ้านเกาะ', 'มะเริง', 'พลกรัง', 'โคกกรวด', 'สุรนารี', 'ปรุใหญ่']",
1017,นครราชสีมา,,,สูงเนิน,76,3,,
1018,นครราชสีมา,,,ขามทะเลสอ,76,3,,
1019,นครราชสีมา,,,สีคิ้ว,76,3,"['สีคิ้ว', 'ลาดบัวขาว', 'หนองน้ำใส', 'คลองไผ่', 'มิตรภาพ', 'หนองหญ้าขาว']",
1020,นครราชสีมา,,,โนนสูง,76,4,,
1021,นครราชสีมา,,,โนนไทย,76,4,"['กำปัง', 'ถนนโพธิ์', 'สำโรง', 'ด่านจาก', 'มะค่า']",
1022,นครราชสีมา,,,พิมาย,76,4,"['สัมฤทธิ์', 'ท่าหลวง', 'กระเบื้องใหญ่', 'ชีวาน']",
1023,นครราชสีมา,,,บัวใหญ่,76,5,,
1024,นครราชสีมา,,,แก้งสนามนาง,76,5,,
1025,นครราชสีมา,,,บัวลาย,76,5,,
1026,นครราชสีมา,,,สีดา,76,5,,
1027,นครราชสีมา,,,บ้านเหลื่อม,76,5,,
1028,นครราชสีมา,,,ประทาย,76,6,,
1029,นครราชสีมา,,,โนนแดง,76,6,,
1030,นครราชสีมา,,,เมืองยาง,76,6,,
1031,นครราชสีมา,,,ลำทะเมนชัย,76,6,,
1032,นครราชสีมา,,,คง,76,6,"['เทพาลัย', 'ขามสมบูรณ์', 'ตาจั่น']",
1033,นครราชสีมา,,,ชุมพวง,76,7,,
1034,นครราชสีมา,,,พิมาย,76,7,,"['สัมฤทธิ์', 'ท่าหลวง', 'กระเบื้องใหญ่', 'ชีวาน']"
1035,นครราชสีมา,,,ห้วยแถลง,76,8,,
1036,นครราชสีมา,,,จักราช,76,8,,
1037,นครราชสีมา,,,เฉลิมพระเกียรติ,76,8,,
1038,นครราชสีมา,,,โชคชัย,76,9,,
1039,นครราชสีมา,,,หนองบุญมาก,76,9,,
1040,นครราชสีมา,,,เมืองนครราชสีมา,76,9,"['หัวทะเล', 'หนองระเวียง', 'พะเนา']",
1041,นครราชสีมา,,,ครบุรี,76,10,,
1042,นครราชสีมา,,,เสิงสาง,76,10,,
1043,นครราชสีมา,,,วังน้ำเขียว,76,10,"['วังน้ำเขียว', 'ไทยสามัคคี']",
1044,นครราชสีมา,,,ปักธงชัย,76,11,,
1045,นครราชสีมา,,,วังน้ำเขียว,76,11,,"['วังน้ำเขียว', 'ไทยสามัคคี']"
1046,นครราชสีมา,,,เมืองนครราชสีมา,76,11,"['หนองบัวศาลา', 'ไชยมงคล']",
1047,นครราชสีมา,,,ปากช่อง,76,11,['วังกะทะ'],
1048,นครราชสีมา,,,ปากช่อง,76,12,,['วังกะทะ']
1049,นครราชสีมา,,,ด่านขุนทด,76,13,,
1050,นครราชสีมา,,,เทพารักษ์,76,13,,
1051,นครราชสีมา,,,สีคิ้ว,76,13,,"['สีคิ้ว', 'ลาดบัวขาว', 'หนองน้ำใส', 'คลองไผ่', 'มิตรภาพ', 'หนองหญ้าขาว']"
1052,นครราชสีมา,,,ขามสะแกแสง,76,14,,
1053,นครราชสีมา,,,พระทองคำ,76,14,,
1054,นครราชสีมา,,,คง,76,14,,"['เทพาลัย', 'ขามสมบูรณ์', 'ตาจั่น']"
1055,นครราชสีมา,,,โนนไทย,76,14,,"['กำปัง', 'ถนนโพธิ์', 'สำโรง', 'ด่านจาก', 'มะค่า']"
1056,กรุงเทพมหานคร,30,30,พระนคร,77,1,,
1057,กรุงเทพมหานคร,,,ป้อมปราบศัตรูพ่าย,77,1,,
1058,กรุงเทพมหานคร,,,สัมพันธวงศ์,77,1,,
1059,กรุงเทพมหานคร,,,ดุสิต,77,1,,
1060,กรุงเทพมหานคร,,,ยกเว้นถนนนครไชยศรี,77,1,,
1061,กรุงเทพมหานคร,,,ปทุมวัน,77,2,,
1062,กรุงเทพมหานคร,,,บางรัก,77,2,,
1063,กรุงเทพมหานคร,,,สาทร,77,2,,
1064,กรุงเทพมหานคร,,,บางคอแหลม,77,3,,
1065,กรุงเทพมหานคร,,,ยานนาวา,77,3,,
1066,กรุงเทพมหานคร,,,คลองเตย,77,4,,
1067,กรุงเทพมหานคร,,,วัฒนา,77,4,,
1068,กรุงเทพมหานคร,,,ดินแดง,77,5,,
1069,กรุงเทพมหานคร,,,ห้วยขวาง,77,5,,
1070,กรุงเทพมหานคร,,,พญาไท,77,6,,
1071,กรุงเทพมหานคร,,,ราชเทวี,77,6,,
1072,กรุงเทพมหานคร,,,จตุจักร,77,6,,
1073,กรุงเทพมหานคร,,,เฉพาะจตุจักร,77,6,,
1074,กรุงเทพมหานคร,,,จอมพล,77,6,,
1075,กรุงเทพมหานคร,,,บางซื่อ,77,7,,
1076,กรุงเทพมหานคร,,,ดุสิต,77,7,,
1077,กรุงเทพมหานคร,,,เฉพาะถนนนครไชยศรี,77,7,,
1078,กรุงเทพมหานคร,,,ลาดพร้าว,77,8,,
1079,กรุงเทพมหานคร,,,วังทองหลาง,77,8,,
1080,กรุงเทพมหานคร,,,ยกเว้นพลับพลา,77,8,,
1081,กรุงเทพมหานคร,,,หลักสี่,77,9,,
1082,กรุงเทพมหานคร,,,จตุจักร,77,9,,
1083,กรุงเทพมหานคร,,,ยกเว้นจตุจักร,77,9,,
1084,กรุงเทพมหานคร,,,จอมพล,77,9,,
1085,กรุงเทพมหานคร,,,ดอนเมือง,77,10,,
1086,กรุงเทพมหานคร,,,สายไหม,77,11,,
1087,กรุงเทพมหานคร,,,บางเขน,77,12,,
1088,กรุงเทพมหานคร,,,บางกะปิ,77,13,,
1089,กรุงเทพมหานคร,,,วังทองหลาง,77,13,,
1090,กรุงเทพมหานคร,,,เฉพาะพลับพลา,77,13,,
1091,กรุงเทพมหานคร,,,บึงกุ่ม,77,14,,
1092,กรุงเทพมหานคร,,,คันนายาว,77,14,,
1093,กรุงเทพมหานคร,,,เฉพาะรามอินทรา,77,14,,
1094,กรุงเทพมหานคร,,,มีนบุรี,77,15,,
1095,กรุงเทพมหานคร,,,คันนายาว,77,15,,
1096,กรุงเทพมหานคร,,,ยกเว้นรามอินทรา,77,15,,
1097,กรุงเทพมหานคร,,,คลองสามวา,77,16,,
1098,กรุงเทพมหานคร,,,หนองจอก,77,17,,
1099,กรุงเทพมหานคร,,,ลาดกระบัง,77,18,,
1100,กรุงเทพมหานคร,,,สะพานสูง,77,19,,
1101,กรุงเทพมหานคร,,,ประเวศ,77,19,,
1102,กรุงเทพมหานคร,,,ยกเว้นหนองบอน,77,19,,
1103,กรุงเทพมหานคร,,,ดอกไม้,77,19,,
1104,กรุงเทพมหานคร,,,สวนหลวง,77,20,,
1105,กรุงเทพมหานคร,,,ประเวศ,77,20,,
1106,กรุงเทพมหานคร,,,เฉพาะหนองบอน,77,20,,
1107,กรุงเทพมหานคร,,,ดอกไม้,77,20,,
1108,กรุงเทพมหานคร,,,บางนา,77,21,,
1109,กรุงเทพมหานคร,,,พระโขนง,77,21,,
1110,กรุงเทพมหานคร,,,คลองสาน,77,22,,
1111,กรุงเทพมหานคร,,,บางกอกใหญ่,77,22,,
1112,กรุงเทพมหานคร,,,ธนบุรี,77,22,,
1113,กรุงเทพมหานคร,,,ยกเว้นดาวคะนอง,77,22,,
1114,กรุงเทพมหานคร,,,บุคคโล,77,22,,
1115,กรุงเทพมหานคร,,,สำเหร่,77,22,,
1116,กรุงเทพมหานคร,,,จอมทอง,77,23,,
1117,กรุงเทพมหานคร,,,ธนบุรี,77,23,,
1118,กรุงเทพมหานคร,,,เฉพาะดาวคะนอง,77,23,,
1119,กรุงเทพมหานคร,,,บุคคโล,77,23,,
1120,กรุงเทพมหานคร,,,สำเหร่,77,23,,
1121,กรุงเทพมหานคร,,,ราษฎร์บูรณะ,77,24,,
1122,กรุงเทพมหานคร,,,ทุ่งครุ,77,24,,
1123,กรุงเทพมหานคร,,,บางขุนเทียน,77,25,,
1124,กรุงเทพมหานคร,,,บางบอน,77,26,,
1125,กรุงเทพมหานคร,,,หนองแขม,77,26,,
1126,กรุงเทพมหานคร,,,เฉพาะหนองแขม,77,26,,
1127,กรุงเทพมหานคร,,,ทวีวัฒนา,77,27,,
1128,กรุงเทพมหานคร,,,ตลิ่งชัน,77,27,,
1129,กรุงเทพมหานคร,,,เฉพาะตลิ่งชัน,77,27,,
1130,กรุงเทพมหานคร,,,ฉิมพลี,77,27,,
1131,กรุงเทพมหานคร,,,หนองแขม,77,27,,
1132,กรุงเทพมหานคร,,,ยกเว้นหนองแขม,77,27,,
1133,กรุงเทพมหานคร,,,บางแค,77,28,,
1134,กรุงเทพมหานคร,,,ภาษีเจริญ,77,29,,
1135,กรุงเทพมหานคร,,,ตลิ่งชัน,77,29,,
1136,กรุงเทพมหานคร,,,ยกเว้นตลิ่งชัน,77,29,,
1137,กรุงเทพมหานคร,,,ฉิมพลี,77,29,,
1138,กรุงเทพมหานคร,,,บางพลัด,77,30,,
1139,กรุงเทพมหานคร,,,บางกอกน้อย,77,30,,
